[     423ms] [LOG] Zaraz tracking initialized for Mind Grace Clinic @ http://127.0.0.1:8765/assets/js/min/zaraz-tracking.min.js:0
[     475ms] [WARNING] Ignoring Event: localhost @ https://analytics.ahrefs.com/analytics.js:0
[     771ms] [LOG] Amplitude Logger [Debug]: Remote config localstorage gets null because the key does not exist @ http://127.0.0.1:8765/assets/vendor/min/amplitude-2.47.0.min.js:0
[     772ms] [LOG] Amplitude Logger [Debug]: Remote config client subscription all mode fetched from cache: {"remoteConfig":null,"lastFetch":"2026-09-24T18:06:27.644Z"} @ http://127.0.0.1:8765/assets/vendor/min/amplitude-2.47.0.min.js:0
[     772ms] [LOG] Amplitude Logger [Debug]: Remote config client skips sending callback because cache is empty (first time user). @ http://127.0.0.1:8765/assets/vendor/min/amplitude-2.47.0.min.js:0
[    1479ms] [LOG] Amplitude Logger [Debug]: Remote config client subscription all mode fetched from remote: {"remoteConfig":{"configs":{"diagnostics":{"browserSDK":{"sampleRate":0.02}},"sessionReplay":{},"analyticsSDK":{"browserSDK":{"autocapture":{"sessions":true,"networkTracking":{"captureRules":[{"responseBody":{"allowlist":[],"excludelist":[]},"requestHeaders":{"allowlist":[],"captureSafeHeaders":true},"responseHeaders":{"allowlist":[],"captureSafeHeaders":true},"statusCodeRange":"500-599","requestBody":{"allowlist":[],"excludelist":[]},"hosts":["*"]}],"ignoreAmplitudeRequests":true,"enabled":true},"frustrationInteractions":{"deadClick":{"enabled":true,"cssSelectorAllowlist":["input[type=\"button\"]","input[type=\"submit\"]","input[type=\"reset\"]","input[type=\"image\"]","input[type=\"file\"]","a","button","[role=\"button\"]","[role=\"link\"]","[role=\"menuitem\"]","[role=\"menuitemcheckbox\"]","[role=\"menuitemradio\"]","[role=\"option\"]","[role=\"tab\"]","[role=\"treeitem\"]","[contenteditable=\"true\" i]"]},"rageClick":{"enabled":true,"cssSelectorAllowlist":["*"]},"thrashedCursor":{"enabled":true},"errorClicks":{"enabled":true,"cssSelectorAllowlist":["input[type=\"button\"]","input[type=\"submit\"]","input[type=\"reset\"]","input[type=\"image\"]","input[type=\"file\"]","a","button","[role=\"button\"]","[role=\"link\"]","[role=\"menuitem\"]","[role=\"menuitemcheckbox\"]","[role=\"menuitemradio\"]","[role=\"option\"]","[role=\"tab\"]","[role=\"treeitem\"]","[contenteditable=\"true\" i]"]},"enabled":true},"pageViews":true,"elementInteractions":{"pageUrlAllowlistRegex":[],"actionClickAllowlist":["div","span","h1","h2","h3","h4","h5","h6"],"viewportContentUpdated":{"enabled":true,"exposureDuration":150},"pageUrlAllowlist":["https://mindgracencr.in"],"cssSelectorAllowlist":["a","button","input","select","textarea","label","video","audio","[contenteditable=\"true\" i]","[data-amp-default-track]",".amp-default-track"],"dataAttributePrefix":"data-amp-track-"},"fileDownloads":true,"webVitals":{"enabled":true},"formInteractions":true}}}}},"lastFetch":"2026-09-24T18:06:28.352Z"} @ http://127.0.0.1:8765/assets/vendor/min/amplitude-2.47.0.min.js:0
[    1480ms] [LOG] Amplitude Logger [Debug]: Diagnostics remote configuration received: {
  "remoteConfig": {
    "sampleRate": 0.02
  },
  "source": "remote",
  "lastFetch": "2026-09-24T18:06:28.352Z"
} @ http://127.0.0.1:8765/assets/vendor/min/amplitude-2.47.0.min.js:0
[    1480ms] [LOG] Amplitude Logger [Debug]: Remote config localstorage set successfully. @ http://127.0.0.1:8765/assets/vendor/min/amplitude-2.47.0.min.js:0
[    1480ms] [LOG] Amplitude Logger [Debug]: DiagnosticsClient: Initializing with options {
  "enabled": true,
  "sampleRate": 0.02
} @ http://127.0.0.1:8765/assets/vendor/min/amplitude-2.47.0.min.js:0
[    1505ms] [LOG] Amplitude Logger [Debug]: Remote config localstorage parsed successfully: {"remoteConfig":{"configs":{"diagnostics":{"browserSDK":{"sampleRate":0.02}},"sessionReplay":{},"analyticsSDK":{"browserSDK":{"autocapture":{"sessions":true,"networkTracking":{"captureRules":[{"responseBody":{"allowlist":[],"excludelist":[]},"requestHeaders":{"allowlist":[],"captureSafeHeaders":true},"responseHeaders":{"allowlist":[],"captureSafeHeaders":true},"statusCodeRange":"500-599","requestBody":{"allowlist":[],"excludelist":[]},"hosts":["*"]}],"ignoreAmplitudeRequests":true,"enabled":true},"frustrationInteractions":{"deadClick":{"enabled":true,"cssSelectorAllowlist":["input[type=\"button\"]","input[type=\"submit\"]","input[type=\"reset\"]","input[type=\"image\"]","input[type=\"file\"]","a","button","[role=\"button\"]","[role=\"link\"]","[role=\"menuitem\"]","[role=\"menuitemcheckbox\"]","[role=\"menuitemradio\"]","[role=\"option\"]","[role=\"tab\"]","[role=\"treeitem\"]","[contenteditable=\"true\" i]"]},"rageClick":{"enabled":true,"cssSelectorAllowlist":["*"]},"thrashedCursor":{"enabled":true},"errorClicks":{"enabled":true,"cssSelectorAllowlist":["input[type=\"button\"]","input[type=\"submit\"]","input[type=\"reset\"]","input[type=\"image\"]","input[type=\"file\"]","a","button","[role=\"button\"]","[role=\"link\"]","[role=\"menuitem\"]","[role=\"menuitemcheckbox\"]","[role=\"menuitemradio\"]","[role=\"option\"]","[role=\"tab\"]","[role=\"treeitem\"]","[contenteditable=\"true\" i]"]},"enabled":true},"pageViews":true,"elementInteractions":{"pageUrlAllowlistRegex":[],"actionClickAllowlist":["div","span","h1","h2","h3","h4","h5","h6"],"viewportContentUpdated":{"enabled":true,"exposureDuration":150},"pageUrlAllowlist":["https://mindgracencr.in"],"cssSelectorAllowlist":["a","button","input","select","textarea","label","video","audio","[contenteditable=\"true\" i]","[data-amp-default-track]",".amp-default-track"],"dataAttributePrefix":"data-amp-track-"},"fileDownloads":true,"webVitals":{"enabled":true},"formInteractions":true}}}}},"lastFetch":"2026-09-24T18:06:28.352Z"} @ http://127.0.0.1:8765/assets/vendor/min/amplitude-2.47.0.min.js:0
[    1505ms] [LOG] Amplitude Logger [Debug]: Remote config client subscription all mode fetched from cache: {"remoteConfig":{"configs":{"diagnostics":{"browserSDK":{"sampleRate":0.02}},"sessionReplay":{},"analyticsSDK":{"browserSDK":{"autocapture":{"sessions":true,"networkTracking":{"captureRules":[{"responseBody":{"allowlist":[],"excludelist":[]},"requestHeaders":{"allowlist":[],"captureSafeHeaders":true},"responseHeaders":{"allowlist":[],"captureSafeHeaders":true},"statusCodeRange":"500-599","requestBody":{"allowlist":[],"excludelist":[]},"hosts":["*"]}],"ignoreAmplitudeRequests":true,"enabled":true},"frustrationInteractions":{"deadClick":{"enabled":true,"cssSelectorAllowlist":["input[type=\"button\"]","input[type=\"submit\"]","input[type=\"reset\"]","input[type=\"image\"]","input[type=\"file\"]","a","button","[role=\"button\"]","[role=\"link\"]","[role=\"menuitem\"]","[role=\"menuitemcheckbox\"]","[role=\"menuitemradio\"]","[role=\"option\"]","[role=\"tab\"]","[role=\"treeitem\"]","[contenteditable=\"true\" i]"]},"rageClick":{"enabled":true,"cssSelectorAllowlist":["*"]},"thrashedCursor":{"enabled":true},"errorClicks":{"enabled":true,"cssSelectorAllowlist":["input[type=\"button\"]","input[type=\"submit\"]","input[type=\"reset\"]","input[type=\"image\"]","input[type=\"file\"]","a","button","[role=\"button\"]","[role=\"link\"]","[role=\"menuitem\"]","[role=\"menuitemcheckbox\"]","[role=\"menuitemradio\"]","[role=\"option\"]","[role=\"tab\"]","[role=\"treeitem\"]","[contenteditable=\"true\" i]"]},"enabled":true},"pageViews":true,"elementInteractions":{"pageUrlAllowlistRegex":[],"actionClickAllowlist":["div","span","h1","h2","h3","h4","h5","h6"],"viewportContentUpdated":{"enabled":true,"exposureDuration":150},"pageUrlAllowlist":["https://mindgracencr.in"],"cssSelectorAllowlist":["a","button","input","select","textarea","label","video","audio","[contenteditable=\"true\" i]","[data-amp-default-track]",".amp-default-track"],"dataAttributePrefix":"data-amp-track-"},"fileDownloads":true,"webVitals":{"enabled":true},"formInteractions":true}}}}},"lastFetch":"2026-09-24T18:06:28.352Z"} @ http://127.0.0.1:8765/assets/vendor/min/amplitude-2.47.0.min.js:0
[    1506ms] [LOG] Amplitude Logger [Debug]: Remote configuration received: {
  "remoteConfig": {
    "autocapture": {
      "sessions": true,
      "networkTracking": {
        "captureRules": [
          {
            "responseBody": {
              "allowlist": [],
              "excludelist": []
            },
            "requestHeaders": {
              "allowlist": [],
              "captureSafeHeaders": true
            },
            "responseHeaders": {
              "allowlist": [],
              "captureSafeHeaders": true
            },
            "statusCodeRange": "500-599",
            "requestBody": {
              "allowlist": [],
              "excludelist": []
            },
            "hosts": [
              "*"
            ]
          }
        ],
        "ignoreAmplitudeRequests": true,
        "enabled": true
      },
      "frustrationInteractions": {
        "deadClick": {
          "enabled": true,
          "cssSelectorAllowlist": [
            "input[type=\"button\"]",
            "input[type=\"submit\"]",
            "input[type=\"reset\"]",
            "input[type=\"image\"]",
            "input[type=\"file\"]",
            "a",
            "button",
            "[role=\"button\"]",
            "[role=\"link\"]",
            "[role=\"menuitem\"]",
            "[role=\"menuitemcheckbox\"]",
            "[role=\"menuitemradio\"]",
            "[role=\"option\"]",
            "[role=\"tab\"]",
            "[role=\"treeitem\"]",
            "[contenteditable=\"true\" i]"
          ]
        },
        "rageClick": {
          "enabled": true,
          "cssSelectorAllowlist": [
            "*"
          ]
        },
        "thrashedCursor": {
          "enabled": true
        },
        "errorClicks": {
          "enabled": true,
          "cssSelectorAllowlist": [
            "input[type=\"button\"]",
            "input[type=\"submit\"]",
            "input[type=\"reset\"]",
            "input[type=\"image\"]",
            "input[type=\"file\"]",
            "a",
            "button",
            "[role=\"button\"]",
            "[role=\"link\"]",
            "[role=\"menuitem\"]",
            "[role=\"menuitemcheckbox\"]",
            "[role=\"menuitemradio\"]",
            "[role=\"option\"]",
            "[role=\"tab\"]",
            "[role=\"treeitem\"]",
            "[contenteditable=\"true\" i]"
          ]
        },
        "enabled": true
      },
      "pageViews": true,
      "elementInteractions": {
        "pageUrlAllowlistRegex": [],
        "actionClickAllowlist": [
          "div",
          "span",
          "h1",
          "h2",
          "h3",
          "h4",
          "h5",
          "h6"
        ],
        "viewportContentUpdated": {
          "enabled": true,
          "exposureDuration": 150
        },
        "pageUrlAllowlist": [
          "https://mindgracencr.in"
        ],
        "cssSelectorAllowlist": [
          "a",
          "button",
          "input",
          "select",
          "textarea",
          "label",
          "video",
          "audio",
          "[contenteditable=\"true\" i]",
          "[data-amp-default-track]",
          ".amp-default-track"
        ],
        "dataAttributePrefix": "data-amp-track-"
      },
      "fileDownloads": true,
      "webVitals": {
        "enabled": true
      },
      "formInteractions": true
    }
  },
  "source": "cache",
  "lastFetch": "2026-09-24T18:06:28.352Z"
} @ http://127.0.0.1:8765/assets/vendor/min/amplitude-2.47.0.min.js:0
[    1507ms] [LOG] Amplitude Logger [Debug]: Update browser config with remote configuration: {"autocapture":{"sessions":true,"networkTracking":{"captureRules":[{"responseBody":{"allowlist":[],"excludelist":[]},"requestHeaders":["access-control-allow-origin","access-control-allow-credentials","access-control-expose-headers","access-control-max-age","access-control-allow-methods","access-control-allow-headers","accept-patch","accept-ranges","age","allow","alt-svc","cache-control","connection","content-disposition","content-encoding","content-language","content-length","content-location","content-md5","content-range","content-type","date","delta-base","etag","expires","im","last-modified","link","location","permanent","p3p","pragma","proxy-authenticate","public-key-pins","retry-after","server","status","strict-transport-security","trailer","transfer-encoding","tk","upgrade","vary","via","warning","www-authenticate","x-b3-traceid","x-frame-options"],"responseHeaders":["access-control-allow-origin","access-control-allow-credentials","access-control-expose-headers","access-control-max-age","access-control-allow-methods","access-control-allow-headers","accept-patch","accept-ranges","age","allow","alt-svc","cache-control","connection","content-disposition","content-encoding","content-language","content-length","content-location","content-md5","content-range","content-type","date","delta-base","etag","expires","im","last-modified","link","location","permanent","p3p","pragma","proxy-authenticate","public-key-pins","retry-after","server","status","strict-transport-security","trailer","transfer-encoding","tk","upgrade","vary","via","warning","www-authenticate","x-b3-traceid","x-frame-options"],"statusCodeRange":"500-599","requestBody":{"allowlist":[],"excludelist":[]},"hosts":["*"]}],"ignoreAmplitudeRequests":true},"frustrationInteractions":{"thrashedCursor":true,"errorClicks":{"cssSelectorAllowlist":["input[type=\"button\"]","input[type=\"submit\"]","input[type=\"reset\"]","input[type=\"image\"]","input[type=\"file\"]","a","button","[role=\"button\"]","[role=\"link\"]","[role=\"menuitem\"]","[role=\"menuitemcheckbox\"]","[role=\"menuitemradio\"]","[role=\"option\"]","[role=\"tab\"]","[role=\"treeitem\"]","[contenteditable=\"true\" i]"]},"rageClicks":{"cssSelectorAllowlist":["*"]},"deadClicks":{"cssSelectorAllowlist":["input[type=\"button\"]","input[type=\"submit\"]","input[type=\"reset\"]","input[type=\"image\"]","input[type=\"file\"]","a","button","[role=\"button\"]","[role=\"link\"]","[role=\"menuitem\"]","[role=\"menuitemcheckbox\"]","[role=\"menuitemradio\"]","[role=\"option\"]","[role=\"tab\"]","[role=\"treeitem\"]","[contenteditable=\"true\" i]"]}},"pageViews":true,"elementInteractions":{"pageUrlAllowlistRegex":[],"actionClickAllowlist":["div","span","h1","h2","h3","h4","h5","h6"],"viewportContentUpdated":{"exposureDuration":150},"pageUrlAllowlist":["https://mindgracencr.in"],"cssSelectorAllowlist":["a","button","input","select","textarea","label","video","audio","[contenteditable=\"true\" i]","[data-amp-default-track]",".amp-default-track"],"dataAttributePrefix":"data-amp-track-"},"fileDownloads":true,"webVitals":true,"formInteractions":true,"screenViews":true}} @ http://127.0.0.1:8765/assets/vendor/min/amplitude-2.47.0.min.js:0
[    1507ms] [LOG] Amplitude Logger [Debug]: Browser config after remote config update: {"_optOut":false,"apiKey":"bcd984f11210e7e9d3f74d505271cf04","flushIntervalMillis":1000,"flushMaxRetries":5,"flushQueueSize":30,"instanceName":"$default_instance","loggerProvider":{"logLevel":"Debug"},"logLevel":"Debug","offline":false,"serverUrl":"","serverZone":"US","storageProvider":{"storage":{"AMP_remote_config_bcd984f112":"{\"remoteConfig\":{\"configs\":{\"diagnostics\":{\"browserSDK\":{\"sampleRate\":0.02}},\"sessionReplay\":{},\"analyticsSDK\":{\"browserSDK\":{\"autocapture\":{\"sessions\":true,\"networkTracking\":{\"captureRules\":[{\"responseBody\":{\"allowlist\":[],\"excludelist\":[]},\"requestHeaders\":{\"allowlist\":[],\"captureSafeHeaders\":true},\"responseHeaders\":{\"allowlist\":[],\"captureSafeHeaders\":true},\"statusCodeRange\":\"500-599\",\"requestBody\":{\"allowlist\":[],\"excludelist\":[]},\"hosts\":[\"*\"]}],\"ignoreAmplitudeRequests\":true,\"enabled\":true},\"frustrationInteractions\":{\"deadClick\":{\"enabled\":true,\"cssSelectorAllowlist\":[\"input[type=\\\"button\\\"]\",\"input[type=\\\"submit\\\"]\",\"input[type=\\\"reset\\\"]\",\"input[type=\\\"image\\\"]\",\"input[type=\\\"file\\\"]\",\"a\",\"button\",\"[role=\\\"button\\\"]\",\"[role=\\\"link\\\"]\",\"[role=\\\"menuitem\\\"]\",\"[role=\\\"menuitemcheckbox\\\"]\",\"[role=\\\"menuitemradio\\\"]\",\"[role=\\\"option\\\"]\",\"[role=\\\"tab\\\"]\",\"[role=\\\"treeitem\\\"]\",\"[contenteditable=\\\"true\\\" i]\"]},\"rageClick\":{\"enabled\":true,\"cssSelectorAllowlist\":[\"*\"]},\"thrashedCursor\":{\"enabled\":true},\"errorClicks\":{\"enabled\":true,\"cssSelectorAllowlist\":[\"input[type=\\\"button\\\"]\",\"input[type=\\\"submit\\\"]\",\"input[type=\\\"reset\\\"]\",\"input[type=\\\"image\\\"]\",\"input[type=\\\"file\\\"]\",\"a\",\"button\",\"[role=\\\"button\\\"]\",\"[role=\\\"link\\\"]\",\"[role=\\\"menuitem\\\"]\",\"[role=\\\"menuitemcheckbox\\\"]\",\"[role=\\\"menuitemradio\\\"]\",\"[role=\\\"option\\\"]\",\"[role=\\\"tab\\\"]\",\"[role=\\\"treeitem\\\"]\",\"[contenteditable=\\\"true\\\" i]\"]},\"enabled\":true},\"pageViews\":true,\"elementInteractions\":{\"pageUrlAllowlistRegex\":[],\"actionClickAllowlist\":[\"div\",\"span\",\"h1\",\"h2\",\"h3\",\"h4\",\"h5\",\"h6\"],\"viewportContentUpdated\":{\"enabled\":true,\"exposureDuration\":150},\"pageUrlAllowlist\":[\"https://mindgracencr.in\"],\"cssSelectorAllowlist\":[\"a\",\"button\",\"input\",\"select\",\"textarea\",\"label\",\"video\",\"audio\",\"[contenteditable=\\\"true\\\" i]\",\"[data-amp-default-track]\",\".amp-default-track\"],\"dataAttributePrefix\":\"data-amp-track-\"},\"fileDownloads\":true,\"webVitals\":{\"enabled\":true},\"formInteractions\":true}}}}},\"lastFetch\":\"2026-09-24T18:06:28.352Z\"}"},"loggerProvider":{"logLevel":"Debug"}},"transportProvider":{"customHeaders":{},"enableKeepalive":true},"useBatch":false,"cookieOptions":{"domain":".127.0.0.1","expiration":365,"sameSite":"Lax","secure":false,"upgrade":true},"defaultTracking":{"pageViews":true,"sessions":true,"formInteractions":true,"fileDownloads":true,"elementInteractions":{"pageUrlAllowlistRegex":[],"actionClickAllowlist":["div","span","h1","h2","h3","h4","h5","h6"],"viewportContentUpdated":{"exposureDuration":150},"pageUrlAllowlist":["https://mindgracencr.in"],"cssSelectorAllowlist":["a","button","input","select","textarea","label","video","audio","[contenteditable=\"true\" i]","[data-amp-default-track]",".amp-default-track"],"dataAttributePrefix":"data-amp-track-"},"frustrationInteractions":{"thrashedCursor":true,"errorClicks":{"cssSelectorAllowlist":["input[type=\"button\"]","input[type=\"submit\"]","input[type=\"reset\"]","input[type=\"image\"]","input[type=\"file\"]","a","button","[role=\"button\"]","[role=\"link\"]","[role=\"menuitem\"]","[role=\"menuitemcheckbox\"]","[role=\"menuitemradio\"]","[role=\"option\"]","[role=\"tab\"]","[role=\"treeitem\"]","[contenteditable=\"true\" i]"]},"rageClicks":{"cssSelectorAllowlist":["*"]},"deadClicks":{"cssSelectorAllowlist":["input[type=\"button\"]","input[type=\"submit\"]","input[type=\"reset\"]","input[type=\"image\"]","input[type=\"file\"]","a","button","[role=\"button\"]","[role=\"link\"]","[role=\"menuitem\"]","[role=\"menuitemcheckbox\"]","[role=\"menuitemradio\"]","[role=\"option\"]","[role=\"tab\"]","[role=\"treeitem\"]","[contenteditable=\"true\" i]"]}},"networkTracking":{"captureRules":[{"responseBody":{"allowlist":[],"excludelist":[]},"requestHeaders":["access-control-allow-origin","access-control-allow-credentials","access-control-expose-headers","access-control-max-age","access-control-allow-methods","access-control-allow-headers","accept-patch","accept-ranges","age","allow","alt-svc","cache-control","connection","content-disposition","content-encoding","content-language","content-length","content-location","content-md5","content-range","content-type","date","delta-base","etag","expires","im","last-modified","link","location","permanent","p3p","pragma","proxy-authenticate","public-key-pins","retry-after","server","status","strict-transport-security","trailer","transfer-encoding","tk","upgrade","vary","via","warning","www-authenticate","x-b3-traceid","x-frame-options"],"responseHeaders":["access-control-allow-origin","access-control-allow-credentials","access-control-expose-headers","access-control-max-age","access-control-allow-methods","access-control-allow-headers","accept-patch","accept-ranges","age","allow","alt-svc","cache-control","connection","content-disposition","content-encoding","content-language","content-length","content-location","content-md5","content-range","content-type","date","delta-base","etag","expires","im","last-modified","link","location","permanent","p3p","pragma","proxy-authenticate","public-key-pins","retry-after","server","status","strict-transport-security","trailer","transfer-encoding","tk","upgrade","vary","via","warning","www-authenticate","x-b3-traceid","x-frame-options"],"statusCodeRange":"500-599","requestBody":{"allowlist":[],"excludelist":[]},"hosts":["*"],"urls":[]}],"ignoreAmplitudeRequests":true},"webVitals":true,"screenViews":true},"autocapture":{"pageViews":true,"sessions":true,"formInteractions":true,"fileDownloads":true,"elementInteractions":{"pageUrlAllowlistRegex":[],"actionClickAllowlist":["div","span","h1","h2","h3","h4","h5","h6"],"viewportContentUpdated":{"exposureDuration":150},"pageUrlAllowlist":["https://mindgracencr.in"],"cssSelectorAllowlist":["a","button","input","select","textarea","label","video","audio","[contenteditable=\"true\" i]","[data-amp-default-track]",".amp-default-track"],"dataAttributePrefix":"data-amp-track-"},"frustrationInteractions":{"thrashedCursor":true,"errorClicks":{"cssSelectorAllowlist":["input[type=\"button\"]","input[type=\"submit\"]","input[type=\"reset\"]","input[type=\"image\"]","input[type=\"file\"]","a","button","[role=\"button\"]","[role=\"link\"]","[role=\"menuitem\"]","[role=\"menuitemcheckbox\"]","[role=\"menuitemradio\"]","[role=\"option\"]","[role=\"tab\"]","[role=\"treeitem\"]","[contenteditable=\"true\" i]"]},"rageClicks":{"cssSelectorAllowlist":["*"]},"deadClicks":{"cssSelectorAllowlist":["input[type=\"button\"]","input[type=\"submit\"]","input[type=\"reset\"]","input[type=\"image\"]","input[type=\"file\"]","a","button","[role=\"button\"]","[role=\"link\"]","[role=\"menuitem\"]","[role=\"menuitemcheckbox\"]","[role=\"menuitemradio\"]","[role=\"option\"]","[role=\"tab\"]","[role=\"treeitem\"]","[contenteditable=\"true\" i]"]}},"networkTracking":{"captureRules":[{"responseBody":{"allowlist":[],"excludelist":[]},"requestHeaders":["access-control-allow-origin","access-control-allow-credentials","access-control-expose-headers","access-control-max-age","access-control-allow-methods","access-control-allow-headers","accept-patch","accept-ranges","age","allow","alt-svc","cache-control","connection","content-disposition","content-encoding","content-language","content-length","content-location","content-md5","content-range","content-type","date","delta-base","etag","expires","im","last-modified","link","location","permanent","p3p","pragma","proxy-authenticate","public-key-pins","retry-after","server","status","strict-transport-security","trailer","transfer-encoding","tk","upgrade","vary","via","warning","www-authenticate","x-b3-traceid","x-frame-options"],"responseHeaders":["access-control-allow-origin","access-control-allow-credentials","access-control-expose-headers","access-control-max-age","access-control-allow-methods","access-control-allow-headers","accept-patch","accept-ranges","age","allow","alt-svc","cache-control","connection","content-disposition","content-encoding","content-language","content-length","content-location","content-md5","content-range","content-type","date","delta-base","etag","expires","im","last-modified","link","location","permanent","p3p","pragma","proxy-authenticate","public-key-pins","retry-after","server","status","strict-transport-security","trailer","transfer-encoding","tk","upgrade","vary","via","warning","www-authenticate","x-b3-traceid","x-frame-options"],"statusCodeRange":"500-599","requestBody":{"allowlist":[],"excludelist":[]},"hosts":["*"],"urls":[]}],"ignoreAmplitudeRequests":true},"webVitals":true,"screenViews":true},"identityStorage":"cookie","sessionTimeout":1800000,"trackingOptions":{"ipAddress":true,"language":true,"platform":true},"transport":"fetch","fetchRemoteConfig":true,"enableDiagnostics":true,"diagnosticsSampleRate":0.02,"diagnosticsClient":{"inMemoryTags":{},"inMemoryCounters":{},"inMemoryHistograms":{},"inMemoryEvents":[],"saveTimer":null,"flushTimer":117,"apiKey":"bcd984f11210e7e9d3f74d505271cf04","logger":{"logLevel":"Debug"},"serverUrl":"https://diagnostics.prod.us-west-2.amplitude.com/v1/capture","config":{"enabled":true,"sampleRate":0.02},"startTimestamp":1790273188354,"shouldTrack":false,"storage":{"dbPromise":{},"logger":{"logLevel":"Debug"},"dbName":"AMP_diagnostics_bcd984f112"}},"remoteConfig":{"fetchRemoteConfig":true},"topLevelDomain":".127.0.0.1","enableRequestBodyCompression":false,"version":"2.47.0","_cookieStorage":{"options":{"domain":".127.0.0.1","expiration":365,"sameSite":"Lax","secure":false,"upgrade":true,"expirationDays":365},"config":{"diagnosticsClient":{"inMemoryTags":{},"inMemoryCounters":{},"inMemoryHistograms":{},"inMemoryEvents":[],"saveTimer":null,"flushTimer":117,"apiKey":"bcd984f11210e7e9d3f74d505271cf04","logger":{"logLevel":"Debug"},"serverUrl":"https://diagnostics.prod.us-west-2.amplitude.com/v1/capture","config":{"enabled":true,"sampleRate":0.02},"startTimestamp":1790273188354,"shouldTrack":false,"storage":{"dbPromise":{},"logger":{"logLevel":"Debug"},"dbName":"AMP_diagnostics_bcd984f112"}}}},"_deviceId":"a3119f6f-182d-4b98-9006-29ba42a5c879"} @ http://127.0.0.1:8765/assets/vendor/min/amplitude-2.47.0.min.js:0
[    1508ms] [LOG] Amplitude Logger [Debug]: Initialized Amplitude with BrowserConfig: {"_optOut":false,"apiKey":"bcd984f112********","flushIntervalMillis":1000,"flushMaxRetries":5,"flushQueueSize":30,"instanceName":"$default_instance","loggerProvider":{"logLevel":"Debug"},"logLevel":"Debug","offline":false,"serverUrl":"","serverZone":"US","storageProvider":{"storage":{"AMP_remote_config_bcd984f112":"{\"remoteConfig\":{\"configs\":{\"diagnostics\":{\"browserSDK\":{\"sampleRate\":0.02}},\"sessionReplay\":{},\"analyticsSDK\":{\"browserSDK\":{\"autocapture\":{\"sessions\":true,\"networkTracking\":{\"captureRules\":[{\"responseBody\":{\"allowlist\":[],\"excludelist\":[]},\"requestHeaders\":{\"allowlist\":[],\"captureSafeHeaders\":true},\"responseHeaders\":{\"allowlist\":[],\"captureSafeHeaders\":true},\"statusCodeRange\":\"500-599\",\"requestBody\":{\"allowlist\":[],\"excludelist\":[]},\"hosts\":[\"*\"]}],\"ignoreAmplitudeRequests\":true,\"enabled\":true},\"frustrationInteractions\":{\"deadClick\":{\"enabled\":true,\"cssSelectorAllowlist\":[\"input[type=\\\"button\\\"]\",\"input[type=\\\"submit\\\"]\",\"input[type=\\\"reset\\\"]\",\"input[type=\\\"image\\\"]\",\"input[type=\\\"file\\\"]\",\"a\",\"button\",\"[role=\\\"button\\\"]\",\"[role=\\\"link\\\"]\",\"[role=\\\"menuitem\\\"]\",\"[role=\\\"menuitemcheckbox\\\"]\",\"[role=\\\"menuitemradio\\\"]\",\"[role=\\\"option\\\"]\",\"[role=\\\"tab\\\"]\",\"[role=\\\"treeitem\\\"]\",\"[contenteditable=\\\"true\\\" i]\"]},\"rageClick\":{\"enabled\":true,\"cssSelectorAllowlist\":[\"*\"]},\"thrashedCursor\":{\"enabled\":true},\"errorClicks\":{\"enabled\":true,\"cssSelectorAllowlist\":[\"input[type=\\\"button\\\"]\",\"input[type=\\\"submit\\\"]\",\"input[type=\\\"reset\\\"]\",\"input[type=\\\"image\\\"]\",\"input[type=\\\"file\\\"]\",\"a\",\"button\",\"[role=\\\"button\\\"]\",\"[role=\\\"link\\\"]\",\"[role=\\\"menuitem\\\"]\",\"[role=\\\"menuitemcheckbox\\\"]\",\"[role=\\\"menuitemradio\\\"]\",\"[role=\\\"option\\\"]\",\"[role=\\\"tab\\\"]\",\"[role=\\\"treeitem\\\"]\",\"[contenteditable=\\\"true\\\" i]\"]},\"enabled\":true},\"pageViews\":true,\"elementInteractions\":{\"pageUrlAllowlistRegex\":[],\"actionClickAllowlist\":[\"div\",\"span\",\"h1\",\"h2\",\"h3\",\"h4\",\"h5\",\"h6\"],\"viewportContentUpdated\":{\"enabled\":true,\"exposureDuration\":150},\"pageUrlAllowlist\":[\"https://mindgracencr.in\"],\"cssSelectorAllowlist\":[\"a\",\"button\",\"input\",\"select\",\"textarea\",\"label\",\"video\",\"audio\",\"[contenteditable=\\\"true\\\" i]\",\"[data-amp-default-track]\",\".amp-default-track\"],\"dataAttributePrefix\":\"data-amp-track-\"},\"fileDownloads\":true,\"webVitals\":{\"enabled\":true},\"formInteractions\":true}}}}},\"lastFetch\":\"2026-09-24T18:06:28.352Z\"}"},"loggerProvider":{"logLevel":"Debug"}},"transportProvider":{"customHeaders":{},"enableKeepalive":true},"useBatch":false,"cookieOptions":{"domain":".127.0.0.1","expiration":365,"sameSite":"Lax","secure":false,"upgrade":true},"defaultTracking":{"pageViews":true,"sessions":true,"formInteractions":true,"fileDownloads":true,"elementInteractions":{"pageUrlAllowlistRegex":[],"actionClickAllowlist":["div","span","h1","h2","h3","h4","h5","h6"],"viewportContentUpdated":{"exposureDuration":150},"pageUrlAllowlist":["https://mindgracencr.in"],"cssSelectorAllowlist":["a","button","input","select","textarea","label","video","audio","[contenteditable=\"true\" i]","[data-amp-default-track]",".amp-default-track"],"dataAttributePrefix":"data-amp-track-"},"frustrationInteractions":{"thrashedCursor":true,"errorClicks":{"cssSelectorAllowlist":["input[type=\"button\"]","input[type=\"submit\"]","input[type=\"reset\"]","input[type=\"image\"]","input[type=\"file\"]","a","button","[role=\"button\"]","[role=\"link\"]","[role=\"menuitem\"]","[role=\"menuitemcheckbox\"]","[role=\"menuitemradio\"]","[role=\"option\"]","[role=\"tab\"]","[role=\"treeitem\"]","[contenteditable=\"true\" i]"]},"rageClicks":{"cssSelectorAllowlist":["*"]},"deadClicks":{"cssSelectorAllowlist":["input[type=\"button\"]","input[type=\"submit\"]","input[type=\"reset\"]","input[type=\"image\"]","input[type=\"file\"]","a","button","[role=\"button\"]","[role=\"link\"]","[role=\"menuitem\"]","[role=\"menuitemcheckbox\"]","[role=\"menuitemradio\"]","[role=\"option\"]","[role=\"tab\"]","[role=\"treeitem\"]","[contenteditable=\"true\" i]"]}},"networkTracking":{"captureRules":[{"responseBody":{"allowlist":[],"excludelist":[]},"requestHeaders":["access-control-allow-origin","access-control-allow-credentials","access-control-expose-headers","access-control-max-age","access-control-allow-methods","access-control-allow-headers","accept-patch","accept-ranges","age","allow","alt-svc","cache-control","connection","content-disposition","content-encoding","content-language","content-length","content-location","content-md5","content-range","content-type","date","delta-base","etag","expires","im","last-modified","link","location","permanent","p3p","pragma","proxy-authenticate","public-key-pins","retry-after","server","status","strict-transport-security","trailer","transfer-encoding","tk","upgrade","vary","via","warning","www-authenticate","x-b3-traceid","x-frame-options"],"responseHeaders":["access-control-allow-origin","access-control-allow-credentials","access-control-expose-headers","access-control-max-age","access-control-allow-methods","access-control-allow-headers","accept-patch","accept-ranges","age","allow","alt-svc","cache-control","connection","content-disposition","content-encoding","content-language","content-length","content-location","content-md5","content-range","content-type","date","delta-base","etag","expires","im","last-modified","link","location","permanent","p3p","pragma","proxy-authenticate","public-key-pins","retry-after","server","status","strict-transport-security","trailer","transfer-encoding","tk","upgrade","vary","via","warning","www-authenticate","x-b3-traceid","x-frame-options"],"statusCodeRange":"500-599","requestBody":{"allowlist":[],"excludelist":[]},"hosts":["*"],"urls":[]}],"ignoreAmplitudeRequests":true},"webVitals":true,"screenViews":true},"autocapture":{"pageViews":true,"sessions":true,"formInteractions":true,"fileDownloads":true,"elementInteractions":{"pageUrlAllowlistRegex":[],"actionClickAllowlist":["div","span","h1","h2","h3","h4","h5","h6"],"viewportContentUpdated":{"exposureDuration":150},"pageUrlAllowlist":["https://mindgracencr.in"],"cssSelectorAllowlist":["a","button","input","select","textarea","label","video","audio","[contenteditable=\"true\" i]","[data-amp-default-track]",".amp-default-track"],"dataAttributePrefix":"data-amp-track-"},"frustrationInteractions":{"thrashedCursor":true,"errorClicks":{"cssSelectorAllowlist":["input[type=\"button\"]","input[type=\"submit\"]","input[type=\"reset\"]","input[type=\"image\"]","input[type=\"file\"]","a","button","[role=\"button\"]","[role=\"link\"]","[role=\"menuitem\"]","[role=\"menuitemcheckbox\"]","[role=\"menuitemradio\"]","[role=\"option\"]","[role=\"tab\"]","[role=\"treeitem\"]","[contenteditable=\"true\" i]"]},"rageClicks":{"cssSelectorAllowlist":["*"]},"deadClicks":{"cssSelectorAllowlist":["input[type=\"button\"]","input[type=\"submit\"]","input[type=\"reset\"]","input[type=\"image\"]","input[type=\"file\"]","a","button","[role=\"button\"]","[role=\"link\"]","[role=\"menuitem\"]","[role=\"menuitemcheckbox\"]","[role=\"menuitemradio\"]","[role=\"option\"]","[role=\"tab\"]","[role=\"treeitem\"]","[contenteditable=\"true\" i]"]}},"networkTracking":{"captureRules":[{"responseBody":{"allowlist":[],"excludelist":[]},"requestHeaders":["access-control-allow-origin","access-control-allow-credentials","access-control-expose-headers","access-control-max-age","access-control-allow-methods","access-control-allow-headers","accept-patch","accept-ranges","age","allow","alt-svc","cache-control","connection","content-disposition","content-encoding","content-language","content-length","content-location","content-md5","content-range","content-type","date","delta-base","etag","expires","im","last-modified","link","location","permanent","p3p","pragma","proxy-authenticate","public-key-pins","retry-after","server","status","strict-transport-security","trailer","transfer-encoding","tk","upgrade","vary","via","warning","www-authenticate","x-b3-traceid","x-frame-options"],"responseHeaders":["access-control-allow-origin","access-control-allow-credentials","access-control-expose-headers","access-control-max-age","access-control-allow-methods","access-control-allow-headers","accept-patch","accept-ranges","age","allow","alt-svc","cache-control","connection","content-disposition","content-encoding","content-language","content-length","content-location","content-md5","content-range","content-type","date","delta-base","etag","expires","im","last-modified","link","location","permanent","p3p","pragma","proxy-authenticate","public-key-pins","retry-after","server","status","strict-transport-security","trailer","transfer-encoding","tk","upgrade","vary","via","warning","www-authenticate","x-b3-traceid","x-frame-options"],"statusCodeRange":"500-599","requestBody":{"allowlist":[],"excludelist":[]},"hosts":["*"],"urls":[]}],"ignoreAmplitudeRequests":true},"webVitals":true,"screenViews":true},"identityStorage":"cookie","sessionTimeout":1800000,"trackingOptions":{"ipAddress":true,"language":true,"platform":true},"transport":"fetch","fetchRemoteConfig":true,"enableDiagnostics":true,"diagnosticsSampleRate":0.02,"diagnosticsClient":{"inMemoryTags":{},"inMemoryCounters":{},"inMemoryHistograms":{},"inMemoryEvents":[],"saveTimer":null,"flushTimer":117,"apiKey":"bcd984f11210e7e9d3f74d505271cf04","logger":{"logLevel":"Debug"},"serverUrl":"https://diagnostics.prod.us-west-2.amplitude.com/v1/capture","config":{"enabled":true,"sampleRate":0.02},"startTimestamp":1790273188354,"shouldTrack":false,"storage":{"dbPromise":{},"logger":{"logLevel":"Debug"},"dbName":"AMP_diagnostics_bcd984f112"}},"remoteConfig":{"fetchRemoteConfig":true},"topLevelDomain":".127.0.0.1","enableRequestBodyCompression":false,"version":"2.47.0","_cookieStorage":{"options":{"domain":".127.0.0.1","expiration":365,"sameSite":"Lax","secure":false,"upgrade":true,"expirationDays":365},"config":{"diagnosticsClient":{"inMemoryTags":{},"inMemoryCounters":{},"inMemoryHistograms":{},"inMemoryEvents":[],"saveTimer":null,"flushTimer":117,"apiKey":"bcd984f11210e7e9d3f74d505271cf04","logger":{"logLevel":"Debug"},"serverUrl":"https://diagnostics.prod.us-west-2.amplitude.com/v1/capture","config":{"enabled":true,"sampleRate":0.02},"startTimestamp":1790273188354,"shouldTrack":false,"storage":{"dbPromise":{},"logger":{"logLevel":"Debug"},"dbName":"AMP_diagnostics_bcd984f112"}}}},"_deviceId":"a3119f6f-182d-4b98-9006-29ba42a5c879"} @ http://127.0.0.1:8765/assets/vendor/min/amplitude-2.47.0.min.js:0
[    1509ms] [LOG] Amplitude Logger [Log]: Installing web attribution tracking. @ http://127.0.0.1:8765/assets/vendor/min/amplitude-2.47.0.min.js:0
[    1513ms] [LOG] Amplitude Logger [Debug]: This is a new campaign. An $identify event will be sent. @ http://127.0.0.1:8765/assets/vendor/min/amplitude-2.47.0.min.js:0
[    1514ms] [LOG] Amplitude Logger [Debug]: function setSessionId:  1790273188387 @ http://127.0.0.1:8765/assets/vendor/min/amplitude-2.47.0.min.js:0
[    1515ms] [LOG] Amplitude Logger [Log]: Tracking attribution. @ http://127.0.0.1:8765/assets/vendor/min/amplitude-2.47.0.min.js:0
[    1516ms] [LOG] Amplitude Logger [Debug]: Adding file download tracking plugin @ http://127.0.0.1:8765/assets/vendor/min/amplitude-2.47.0.min.js:0
[    1518ms] [LOG] Amplitude Logger [Debug]: Adding form interaction plugin @ http://127.0.0.1:8765/assets/vendor/min/amplitude-2.47.0.min.js:0
[    1518ms] [LOG] Amplitude Logger [Debug]: Adding page view tracking plugin @ http://127.0.0.1:8765/assets/vendor/min/amplitude-2.47.0.min.js:0
[    1519ms] [LOG] Amplitude Logger [Log]: Installing @amplitude/plugin-page-view-tracking-browser @ http://127.0.0.1:8765/assets/vendor/min/amplitude-2.47.0.min.js:0
[    1519ms] [LOG] Amplitude Logger [Log]: Tracking page view event @ http://127.0.0.1:8765/assets/vendor/min/amplitude-2.47.0.min.js:0
[    1521ms] [LOG] Amplitude Logger [Debug]: Adding event property attribution plugin @ http://127.0.0.1:8765/assets/vendor/min/amplitude-2.47.0.min.js:0
[    1521ms] [LOG] Amplitude Logger [Log]: Installing event property attribution tracking. @ http://127.0.0.1:8765/assets/vendor/min/amplitude-2.47.0.min.js:0
[    1521ms] [LOG] Amplitude Logger [Debug]: Adding user interactions plugin (autocapture plugin) @ http://127.0.0.1:8765/assets/vendor/min/amplitude-2.47.0.min.js:0
[    1524ms] [LOG] Amplitude Logger [Debug]: Remote config localstorage parsed successfully: {"remoteConfig":{"configs":{"diagnostics":{"browserSDK":{"sampleRate":0.02}},"sessionReplay":{},"analyticsSDK":{"browserSDK":{"autocapture":{"sessions":true,"networkTracking":{"captureRules":[{"responseBody":{"allowlist":[],"excludelist":[]},"requestHeaders":{"allowlist":[],"captureSafeHeaders":true},"responseHeaders":{"allowlist":[],"captureSafeHeaders":true},"statusCodeRange":"500-599","requestBody":{"allowlist":[],"excludelist":[]},"hosts":["*"]}],"ignoreAmplitudeRequests":true,"enabled":true},"frustrationInteractions":{"deadClick":{"enabled":true,"cssSelectorAllowlist":["input[type=\"button\"]","input[type=\"submit\"]","input[type=\"reset\"]","input[type=\"image\"]","input[type=\"file\"]","a","button","[role=\"button\"]","[role=\"link\"]","[role=\"menuitem\"]","[role=\"menuitemcheckbox\"]","[role=\"menuitemradio\"]","[role=\"option\"]","[role=\"tab\"]","[role=\"treeitem\"]","[contenteditable=\"true\" i]"]},"rageClick":{"enabled":true,"cssSelectorAllowlist":["*"]},"thrashedCursor":{"enabled":true},"errorClicks":{"enabled":true,"cssSelectorAllowlist":["input[type=\"button\"]","input[type=\"submit\"]","input[type=\"reset\"]","input[type=\"image\"]","input[type=\"file\"]","a","button","[role=\"button\"]","[role=\"link\"]","[role=\"menuitem\"]","[role=\"menuitemcheckbox\"]","[role=\"menuitemradio\"]","[role=\"option\"]","[role=\"tab\"]","[role=\"treeitem\"]","[contenteditable=\"true\" i]"]},"enabled":true},"pageViews":true,"elementInteractions":{"pageUrlAllowlistRegex":[],"actionClickAllowlist":["div","span","h1","h2","h3","h4","h5","h6"],"viewportContentUpdated":{"enabled":true,"exposureDuration":150},"pageUrlAllowlist":["https://mindgracencr.in"],"cssSelectorAllowlist":["a","button","input","select","textarea","label","video","audio","[contenteditable=\"true\" i]","[data-amp-default-track]",".amp-default-track"],"dataAttributePrefix":"data-amp-track-"},"fileDownloads":true,"webVitals":{"enabled":true},"formInteractions":true}}}}},"lastFetch":"2026-09-24T18:06:28.352Z"} @ http://127.0.0.1:8765/assets/vendor/min/amplitude-2.47.0.min.js:0
[    1525ms] [LOG] Amplitude Logger [Debug]: Remote config localstorage parsed successfully: {"remoteConfig":{"configs":{"diagnostics":{"browserSDK":{"sampleRate":0.02}},"sessionReplay":{},"analyticsSDK":{"browserSDK":{"autocapture":{"sessions":true,"networkTracking":{"captureRules":[{"responseBody":{"allowlist":[],"excludelist":[]},"requestHeaders":{"allowlist":[],"captureSafeHeaders":true},"responseHeaders":{"allowlist":[],"captureSafeHeaders":true},"statusCodeRange":"500-599","requestBody":{"allowlist":[],"excludelist":[]},"hosts":["*"]}],"ignoreAmplitudeRequests":true,"enabled":true},"frustrationInteractions":{"deadClick":{"enabled":true,"cssSelectorAllowlist":["input[type=\"button\"]","input[type=\"submit\"]","input[type=\"reset\"]","input[type=\"image\"]","input[type=\"file\"]","a","button","[role=\"button\"]","[role=\"link\"]","[role=\"menuitem\"]","[role=\"menuitemcheckbox\"]","[role=\"menuitemradio\"]","[role=\"option\"]","[role=\"tab\"]","[role=\"treeitem\"]","[contenteditable=\"true\" i]"]},"rageClick":{"enabled":true,"cssSelectorAllowlist":["*"]},"thrashedCursor":{"enabled":true},"errorClicks":{"enabled":true,"cssSelectorAllowlist":["input[type=\"button\"]","input[type=\"submit\"]","input[type=\"reset\"]","input[type=\"image\"]","input[type=\"file\"]","a","button","[role=\"button\"]","[role=\"link\"]","[role=\"menuitem\"]","[role=\"menuitemcheckbox\"]","[role=\"menuitemradio\"]","[role=\"option\"]","[role=\"tab\"]","[role=\"treeitem\"]","[contenteditable=\"true\" i]"]},"enabled":true},"pageViews":true,"elementInteractions":{"pageUrlAllowlistRegex":[],"actionClickAllowlist":["div","span","h1","h2","h3","h4","h5","h6"],"viewportContentUpdated":{"enabled":true,"exposureDuration":150},"pageUrlAllowlist":["https://mindgracencr.in"],"cssSelectorAllowlist":["a","button","input","select","textarea","label","video","audio","[contenteditable=\"true\" i]","[data-amp-default-track]",".amp-default-track"],"dataAttributePrefix":"data-amp-track-"},"fileDownloads":true,"webVitals":{"enabled":true},"formInteractions":true}}}}},"lastFetch":"2026-09-24T18:06:28.352Z"} @ http://127.0.0.1:8765/assets/vendor/min/amplitude-2.47.0.min.js:0
[    1529ms] [LOG] Amplitude Logger [Log]: @amplitude/plugin-autocapture-browser has been successfully added. @ http://127.0.0.1:8765/assets/vendor/min/amplitude-2.47.0.min.js:0
[    1529ms] [LOG] Amplitude Logger [Debug]: Adding frustration interactions plugin @ http://127.0.0.1:8765/assets/vendor/min/amplitude-2.47.0.min.js:0
[    1530ms] [LOG] Amplitude Logger [Debug]: Remote config localstorage parsed successfully: {"remoteConfig":{"configs":{"diagnostics":{"browserSDK":{"sampleRate":0.02}},"sessionReplay":{},"analyticsSDK":{"browserSDK":{"autocapture":{"sessions":true,"networkTracking":{"captureRules":[{"responseBody":{"allowlist":[],"excludelist":[]},"requestHeaders":{"allowlist":[],"captureSafeHeaders":true},"responseHeaders":{"allowlist":[],"captureSafeHeaders":true},"statusCodeRange":"500-599","requestBody":{"allowlist":[],"excludelist":[]},"hosts":["*"]}],"ignoreAmplitudeRequests":true,"enabled":true},"frustrationInteractions":{"deadClick":{"enabled":true,"cssSelectorAllowlist":["input[type=\"button\"]","input[type=\"submit\"]","input[type=\"reset\"]","input[type=\"image\"]","input[type=\"file\"]","a","button","[role=\"button\"]","[role=\"link\"]","[role=\"menuitem\"]","[role=\"menuitemcheckbox\"]","[role=\"menuitemradio\"]","[role=\"option\"]","[role=\"tab\"]","[role=\"treeitem\"]","[contenteditable=\"true\" i]"]},"rageClick":{"enabled":true,"cssSelectorAllowlist":["*"]},"thrashedCursor":{"enabled":true},"errorClicks":{"enabled":true,"cssSelectorAllowlist":["input[type=\"button\"]","input[type=\"submit\"]","input[type=\"reset\"]","input[type=\"image\"]","input[type=\"file\"]","a","button","[role=\"button\"]","[role=\"link\"]","[role=\"menuitem\"]","[role=\"menuitemcheckbox\"]","[role=\"menuitemradio\"]","[role=\"option\"]","[role=\"tab\"]","[role=\"treeitem\"]","[contenteditable=\"true\" i]"]},"enabled":true},"pageViews":true,"elementInteractions":{"pageUrlAllowlistRegex":[],"actionClickAllowlist":["div","span","h1","h2","h3","h4","h5","h6"],"viewportContentUpdated":{"enabled":true,"exposureDuration":150},"pageUrlAllowlist":["https://mindgracencr.in"],"cssSelectorAllowlist":["a","button","input","select","textarea","label","video","audio","[contenteditable=\"true\" i]","[data-amp-default-track]",".amp-default-track"],"dataAttributePrefix":"data-amp-track-"},"fileDownloads":true,"webVitals":{"enabled":true},"formInteractions":true}}}}},"lastFetch":"2026-09-24T18:06:28.352Z"} @ http://127.0.0.1:8765/assets/vendor/min/amplitude-2.47.0.min.js:0
[    1531ms] [LOG] Amplitude Logger [Log]: @amplitude/plugin-frustration-browser has been successfully added. @ http://127.0.0.1:8765/assets/vendor/min/amplitude-2.47.0.min.js:0
[    1532ms] [LOG] Amplitude Logger [Debug]: Remote config client subscription all mode fetched from cache: {"remoteConfig":{"configs":{"diagnostics":{"browserSDK":{"sampleRate":0.02}},"sessionReplay":{},"analyticsSDK":{"browserSDK":{"autocapture":{"sessions":true,"networkTracking":{"captureRules":[{"responseBody":{"allowlist":[],"excludelist":[]},"requestHeaders":{"allowlist":[],"captureSafeHeaders":true},"responseHeaders":{"allowlist":[],"captureSafeHeaders":true},"statusCodeRange":"500-599","requestBody":{"allowlist":[],"excludelist":[]},"hosts":["*"]}],"ignoreAmplitudeRequests":true,"enabled":true},"frustrationInteractions":{"deadClick":{"enabled":true,"cssSelectorAllowlist":["input[type=\"button\"]","input[type=\"submit\"]","input[type=\"reset\"]","input[type=\"image\"]","input[type=\"file\"]","a","button","[role=\"button\"]","[role=\"link\"]","[role=\"menuitem\"]","[role=\"menuitemcheckbox\"]","[role=\"menuitemradio\"]","[role=\"option\"]","[role=\"tab\"]","[role=\"treeitem\"]","[contenteditable=\"true\" i]"]},"rageClick":{"enabled":true,"cssSelectorAllowlist":["*"]},"thrashedCursor":{"enabled":true},"errorClicks":{"enabled":true,"cssSelectorAllowlist":["input[type=\"button\"]","input[type=\"submit\"]","input[type=\"reset\"]","input[type=\"image\"]","input[type=\"file\"]","a","button","[role=\"button\"]","[role=\"link\"]","[role=\"menuitem\"]","[role=\"menuitemcheckbox\"]","[role=\"menuitemradio\"]","[role=\"option\"]","[role=\"tab\"]","[role=\"treeitem\"]","[contenteditable=\"true\" i]"]},"enabled":true},"pageViews":true,"elementInteractions":{"pageUrlAllowlistRegex":[],"actionClickAllowlist":["div","span","h1","h2","h3","h4","h5","h6"],"viewportContentUpdated":{"enabled":true,"exposureDuration":150},"pageUrlAllowlist":["https://mindgracencr.in"],"cssSelectorAllowlist":["a","button","input","select","textarea","label","video","audio","[contenteditable=\"true\" i]","[data-amp-default-track]",".amp-default-track"],"dataAttributePrefix":"data-amp-track-"},"fileDownloads":true,"webVitals":{"enabled":true},"formInteractions":true}}}}},"lastFetch":"2026-09-24T18:06:28.352Z"} @ http://127.0.0.1:8765/assets/vendor/min/amplitude-2.47.0.min.js:0
[    1532ms] [LOG] Amplitude Logger [Debug]: Remote config client subscription all mode fetched from cache: {"remoteConfig":{"configs":{"diagnostics":{"browserSDK":{"sampleRate":0.02}},"sessionReplay":{},"analyticsSDK":{"browserSDK":{"autocapture":{"sessions":true,"networkTracking":{"captureRules":[{"responseBody":{"allowlist":[],"excludelist":[]},"requestHeaders":{"allowlist":[],"captureSafeHeaders":true},"responseHeaders":{"allowlist":[],"captureSafeHeaders":true},"statusCodeRange":"500-599","requestBody":{"allowlist":[],"excludelist":[]},"hosts":["*"]}],"ignoreAmplitudeRequests":true,"enabled":true},"frustrationInteractions":{"deadClick":{"enabled":true,"cssSelectorAllowlist":["input[type=\"button\"]","input[type=\"submit\"]","input[type=\"reset\"]","input[type=\"image\"]","input[type=\"file\"]","a","button","[role=\"button\"]","[role=\"link\"]","[role=\"menuitem\"]","[role=\"menuitemcheckbox\"]","[role=\"menuitemradio\"]","[role=\"option\"]","[role=\"tab\"]","[role=\"treeitem\"]","[contenteditable=\"true\" i]"]},"rageClick":{"enabled":true,"cssSelectorAllowlist":["*"]},"thrashedCursor":{"enabled":true},"errorClicks":{"enabled":true,"cssSelectorAllowlist":["input[type=\"button\"]","input[type=\"submit\"]","input[type=\"reset\"]","input[type=\"image\"]","input[type=\"file\"]","a","button","[role=\"button\"]","[role=\"link\"]","[role=\"menuitem\"]","[role=\"menuitemcheckbox\"]","[role=\"menuitemradio\"]","[role=\"option\"]","[role=\"tab\"]","[role=\"treeitem\"]","[contenteditable=\"true\" i]"]},"enabled":true},"pageViews":true,"elementInteractions":{"pageUrlAllowlistRegex":[],"actionClickAllowlist":["div","span","h1","h2","h3","h4","h5","h6"],"viewportContentUpdated":{"enabled":true,"exposureDuration":150},"pageUrlAllowlist":["https://mindgracencr.in"],"cssSelectorAllowlist":["a","button","input","select","textarea","label","video","audio","[contenteditable=\"true\" i]","[data-amp-default-track]",".amp-default-track"],"dataAttributePrefix":"data-amp-track-"},"fileDownloads":true,"webVitals":{"enabled":true},"formInteractions":true}}}}},"lastFetch":"2026-09-24T18:06:28.352Z"} @ http://127.0.0.1:8765/assets/vendor/min/amplitude-2.47.0.min.js:0
[    1532ms] [LOG] Amplitude Logger [Debug]: @amplitude/element-selector: remote-config delivery (source=cache) null @ http://127.0.0.1:8765/assets/vendor/min/amplitude-2.47.0.min.js:0
[    1532ms] [LOG] Amplitude Logger [Debug]: Adding network tracking plugin @ http://127.0.0.1:8765/assets/vendor/min/amplitude-2.47.0.min.js:0
[    1534ms] [LOG] Amplitude Logger [Log]: @amplitude/plugin-network-capture-browser has been successfully added. @ http://127.0.0.1:8765/assets/vendor/min/amplitude-2.47.0.min.js:0
[    1534ms] [LOG] Amplitude Logger [Debug]: Remote config client subscription all mode fetched from cache: {"remoteConfig":{"configs":{"diagnostics":{"browserSDK":{"sampleRate":0.02}},"sessionReplay":{},"analyticsSDK":{"browserSDK":{"autocapture":{"sessions":true,"networkTracking":{"captureRules":[{"responseBody":{"allowlist":[],"excludelist":[]},"requestHeaders":{"allowlist":[],"captureSafeHeaders":true},"responseHeaders":{"allowlist":[],"captureSafeHeaders":true},"statusCodeRange":"500-599","requestBody":{"allowlist":[],"excludelist":[]},"hosts":["*"]}],"ignoreAmplitudeRequests":true,"enabled":true},"frustrationInteractions":{"deadClick":{"enabled":true,"cssSelectorAllowlist":["input[type=\"button\"]","input[type=\"submit\"]","input[type=\"reset\"]","input[type=\"image\"]","input[type=\"file\"]","a","button","[role=\"button\"]","[role=\"link\"]","[role=\"menuitem\"]","[role=\"menuitemcheckbox\"]","[role=\"menuitemradio\"]","[role=\"option\"]","[role=\"tab\"]","[role=\"treeitem\"]","[contenteditable=\"true\" i]"]},"rageClick":{"enabled":true,"cssSelectorAllowlist":["*"]},"thrashedCursor":{"enabled":true},"errorClicks":{"enabled":true,"cssSelectorAllowlist":["input[type=\"button\"]","input[type=\"submit\"]","input[type=\"reset\"]","input[type=\"image\"]","input[type=\"file\"]","a","button","[role=\"button\"]","[role=\"link\"]","[role=\"menuitem\"]","[role=\"menuitemcheckbox\"]","[role=\"menuitemradio\"]","[role=\"option\"]","[role=\"tab\"]","[role=\"treeitem\"]","[contenteditable=\"true\" i]"]},"enabled":true},"pageViews":true,"elementInteractions":{"pageUrlAllowlistRegex":[],"actionClickAllowlist":["div","span","h1","h2","h3","h4","h5","h6"],"viewportContentUpdated":{"enabled":true,"exposureDuration":150},"pageUrlAllowlist":["https://mindgracencr.in"],"cssSelectorAllowlist":["a","button","input","select","textarea","label","video","audio","[contenteditable=\"true\" i]","[data-amp-default-track]",".amp-default-track"],"dataAttributePrefix":"data-amp-track-"},"fileDownloads":true,"webVitals":{"enabled":true},"formInteractions":true}}}}},"lastFetch":"2026-09-24T18:06:28.352Z"} @ http://127.0.0.1:8765/assets/vendor/min/amplitude-2.47.0.min.js:0
[    1534ms] [LOG] Amplitude Logger [Debug]: @amplitude/element-selector: remote-config delivery (source=cache) null @ http://127.0.0.1:8765/assets/vendor/min/amplitude-2.47.0.min.js:0
[    1534ms] [LOG] Amplitude Logger [Debug]: Adding web vitals plugin @ http://127.0.0.1:8765/assets/vendor/min/amplitude-2.47.0.min.js:0
[    1536ms] [LOG] Amplitude Logger [Debug]: Adding referrer page url plugin @ http://127.0.0.1:8765/assets/vendor/min/amplitude-2.47.0.min.js:0
[    1537ms] [LOG] Amplitude Logger [Log]: Installing @amplitude/plugin-page-url-enrichment-browser @ http://127.0.0.1:8765/assets/vendor/min/amplitude-2.47.0.min.js:0
[    1538ms] [LOG] Amplitude Logger [Debug]: Remote config client subscription all mode fetched from remote: {"remoteConfig":{"configs":{"diagnostics":{"browserSDK":{"sampleRate":0.02}},"sessionReplay":{},"analyticsSDK":{"browserSDK":{"autocapture":{"sessions":true,"networkTracking":{"captureRules":[{"responseBody":{"allowlist":[],"excludelist":[]},"requestHeaders":{"allowlist":[],"captureSafeHeaders":true},"responseHeaders":{"allowlist":[],"captureSafeHeaders":true},"statusCodeRange":"500-599","requestBody":{"allowlist":[],"excludelist":[]},"hosts":["*"]}],"ignoreAmplitudeRequests":true,"enabled":true},"frustrationInteractions":{"deadClick":{"enabled":true,"cssSelectorAllowlist":["input[type=\"button\"]","input[type=\"submit\"]","input[type=\"reset\"]","input[type=\"image\"]","input[type=\"file\"]","a","button","[role=\"button\"]","[role=\"link\"]","[role=\"menuitem\"]","[role=\"menuitemcheckbox\"]","[role=\"menuitemradio\"]","[role=\"option\"]","[role=\"tab\"]","[role=\"treeitem\"]","[contenteditable=\"true\" i]"]},"rageClick":{"enabled":true,"cssSelectorAllowlist":["*"]},"thrashedCursor":{"enabled":true},"errorClicks":{"enabled":true,"cssSelectorAllowlist":["input[type=\"button\"]","input[type=\"submit\"]","input[type=\"reset\"]","input[type=\"image\"]","input[type=\"file\"]","a","button","[role=\"button\"]","[role=\"link\"]","[role=\"menuitem\"]","[role=\"menuitemcheckbox\"]","[role=\"menuitemradio\"]","[role=\"option\"]","[role=\"tab\"]","[role=\"treeitem\"]","[contenteditable=\"true\" i]"]},"enabled":true},"pageViews":true,"elementInteractions":{"pageUrlAllowlistRegex":[],"actionClickAllowlist":["div","span","h1","h2","h3","h4","h5","h6"],"viewportContentUpdated":{"enabled":true,"exposureDuration":150},"pageUrlAllowlist":["https://mindgracencr.in"],"cssSelectorAllowlist":["a","button","input","select","textarea","label","video","audio","[contenteditable=\"true\" i]","[data-amp-default-track]",".amp-default-track"],"dataAttributePrefix":"data-amp-track-"},"fileDownloads":true,"webVitals":{"enabled":true},"formInteractions":true}}}}},"lastFetch":"2026-09-24T18:06:28.411Z"} @ http://127.0.0.1:8765/assets/vendor/min/amplitude-2.47.0.min.js:0
[    1538ms] [LOG] Amplitude Logger [Debug]: Remote configuration received: {
  "remoteConfig": {
    "autocapture": {
      "sessions": true,
      "networkTracking": {
        "captureRules": [
          {
            "responseBody": {
              "allowlist": [],
              "excludelist": []
            },
            "requestHeaders": {
              "allowlist": [],
              "captureSafeHeaders": true
            },
            "responseHeaders": {
              "allowlist": [],
              "captureSafeHeaders": true
            },
            "statusCodeRange": "500-599",
            "requestBody": {
              "allowlist": [],
              "excludelist": []
            },
            "hosts": [
              "*"
            ]
          }
        ],
        "ignoreAmplitudeRequests": true,
        "enabled": true
      },
      "frustrationInteractions": {
        "deadClick": {
          "enabled": true,
          "cssSelectorAllowlist": [
            "input[type=\"button\"]",
            "input[type=\"submit\"]",
            "input[type=\"reset\"]",
            "input[type=\"image\"]",
            "input[type=\"file\"]",
            "a",
            "button",
            "[role=\"button\"]",
            "[role=\"link\"]",
            "[role=\"menuitem\"]",
            "[role=\"menuitemcheckbox\"]",
            "[role=\"menuitemradio\"]",
            "[role=\"option\"]",
            "[role=\"tab\"]",
            "[role=\"treeitem\"]",
            "[contenteditable=\"true\" i]"
          ]
        },
        "rageClick": {
          "enabled": true,
          "cssSelectorAllowlist": [
            "*"
          ]
        },
        "thrashedCursor": {
          "enabled": true
        },
        "errorClicks": {
          "enabled": true,
          "cssSelectorAllowlist": [
            "input[type=\"button\"]",
            "input[type=\"submit\"]",
            "input[type=\"reset\"]",
            "input[type=\"image\"]",
            "input[type=\"file\"]",
            "a",
            "button",
            "[role=\"button\"]",
            "[role=\"link\"]",
            "[role=\"menuitem\"]",
            "[role=\"menuitemcheckbox\"]",
            "[role=\"menuitemradio\"]",
            "[role=\"option\"]",
            "[role=\"tab\"]",
            "[role=\"treeitem\"]",
            "[contenteditable=\"true\" i]"
          ]
        },
        "enabled": true
      },
      "pageViews": true,
      "elementInteractions": {
        "pageUrlAllowlistRegex": [],
        "actionClickAllowlist": [
          "div",
          "span",
          "h1",
          "h2",
          "h3",
          "h4",
          "h5",
          "h6"
        ],
        "viewportContentUpdated": {
          "enabled": true,
          "exposureDuration": 150
        },
        "pageUrlAllowlist": [
          "https://mindgracencr.in"
        ],
        "cssSelectorAllowlist": [
          "a",
          "button",
          "input",
          "select",
          "textarea",
          "label",
          "video",
          "audio",
          "[contenteditable=\"true\" i]",
          "[data-amp-default-track]",
          ".amp-default-track"
        ],
        "dataAttributePrefix": "data-amp-track-"
      },
      "fileDownloads": true,
      "webVitals": {
        "enabled": true
      },
      "formInteractions": true
    }
  },
  "source": "remote",
  "lastFetch": "2026-09-24T18:06:28.411Z"
} @ http://127.0.0.1:8765/assets/vendor/min/amplitude-2.47.0.min.js:0
[    1538ms] [LOG] Amplitude Logger [Debug]: Update browser config with remote configuration: {"autocapture":{"sessions":true,"networkTracking":{"captureRules":[{"responseBody":{"allowlist":[],"excludelist":[]},"requestHeaders":["access-control-allow-origin","access-control-allow-credentials","access-control-expose-headers","access-control-max-age","access-control-allow-methods","access-control-allow-headers","accept-patch","accept-ranges","age","allow","alt-svc","cache-control","connection","content-disposition","content-encoding","content-language","content-length","content-location","content-md5","content-range","content-type","date","delta-base","etag","expires","im","last-modified","link","location","permanent","p3p","pragma","proxy-authenticate","public-key-pins","retry-after","server","status","strict-transport-security","trailer","transfer-encoding","tk","upgrade","vary","via","warning","www-authenticate","x-b3-traceid","x-frame-options"],"responseHeaders":["access-control-allow-origin","access-control-allow-credentials","access-control-expose-headers","access-control-max-age","access-control-allow-methods","access-control-allow-headers","accept-patch","accept-ranges","age","allow","alt-svc","cache-control","connection","content-disposition","content-encoding","content-language","content-length","content-location","content-md5","content-range","content-type","date","delta-base","etag","expires","im","last-modified","link","location","permanent","p3p","pragma","proxy-authenticate","public-key-pins","retry-after","server","status","strict-transport-security","trailer","transfer-encoding","tk","upgrade","vary","via","warning","www-authenticate","x-b3-traceid","x-frame-options"],"statusCodeRange":"500-599","requestBody":{"allowlist":[],"excludelist":[]},"hosts":["*"]}],"ignoreAmplitudeRequests":true},"frustrationInteractions":{"thrashedCursor":true,"errorClicks":{"cssSelectorAllowlist":["input[type=\"button\"]","input[type=\"submit\"]","input[type=\"reset\"]","input[type=\"image\"]","input[type=\"file\"]","a","button","[role=\"button\"]","[role=\"link\"]","[role=\"menuitem\"]","[role=\"menuitemcheckbox\"]","[role=\"menuitemradio\"]","[role=\"option\"]","[role=\"tab\"]","[role=\"treeitem\"]","[contenteditable=\"true\" i]"]},"rageClicks":{"cssSelectorAllowlist":["*"]},"deadClicks":{"cssSelectorAllowlist":["input[type=\"button\"]","input[type=\"submit\"]","input[type=\"reset\"]","input[type=\"image\"]","input[type=\"file\"]","a","button","[role=\"button\"]","[role=\"link\"]","[role=\"menuitem\"]","[role=\"menuitemcheckbox\"]","[role=\"menuitemradio\"]","[role=\"option\"]","[role=\"tab\"]","[role=\"treeitem\"]","[contenteditable=\"true\" i]"]}},"pageViews":true,"elementInteractions":{"pageUrlAllowlistRegex":[],"actionClickAllowlist":["div","span","h1","h2","h3","h4","h5","h6"],"viewportContentUpdated":{"exposureDuration":150},"pageUrlAllowlist":["https://mindgracencr.in"],"cssSelectorAllowlist":["a","button","input","select","textarea","label","video","audio","[contenteditable=\"true\" i]","[data-amp-default-track]",".amp-default-track"],"dataAttributePrefix":"data-amp-track-"},"fileDownloads":true,"webVitals":true,"formInteractions":true,"screenViews":true}} @ http://127.0.0.1:8765/assets/vendor/min/amplitude-2.47.0.min.js:0
[    1538ms] [LOG] Amplitude Logger [Debug]: Browser config after remote config update: {"_optOut":false,"apiKey":"bcd984f11210e7e9d3f74d505271cf04","flushIntervalMillis":1000,"flushMaxRetries":5,"flushQueueSize":30,"instanceName":"$default_instance","loggerProvider":{"logLevel":"Debug"},"logLevel":"Debug","offline":false,"serverUrl":"","serverZone":"US","storageProvider":{"storage":{"AMP_remote_config_bcd984f112":"{\"remoteConfig\":{\"configs\":{\"diagnostics\":{\"browserSDK\":{\"sampleRate\":0.02}},\"sessionReplay\":{},\"analyticsSDK\":{\"browserSDK\":{\"autocapture\":{\"sessions\":true,\"networkTracking\":{\"captureRules\":[{\"responseBody\":{\"allowlist\":[],\"excludelist\":[]},\"requestHeaders\":{\"allowlist\":[],\"captureSafeHeaders\":true},\"responseHeaders\":{\"allowlist\":[],\"captureSafeHeaders\":true},\"statusCodeRange\":\"500-599\",\"requestBody\":{\"allowlist\":[],\"excludelist\":[]},\"hosts\":[\"*\"]}],\"ignoreAmplitudeRequests\":true,\"enabled\":true},\"frustrationInteractions\":{\"deadClick\":{\"enabled\":true,\"cssSelectorAllowlist\":[\"input[type=\\\"button\\\"]\",\"input[type=\\\"submit\\\"]\",\"input[type=\\\"reset\\\"]\",\"input[type=\\\"image\\\"]\",\"input[type=\\\"file\\\"]\",\"a\",\"button\",\"[role=\\\"button\\\"]\",\"[role=\\\"link\\\"]\",\"[role=\\\"menuitem\\\"]\",\"[role=\\\"menuitemcheckbox\\\"]\",\"[role=\\\"menuitemradio\\\"]\",\"[role=\\\"option\\\"]\",\"[role=\\\"tab\\\"]\",\"[role=\\\"treeitem\\\"]\",\"[contenteditable=\\\"true\\\" i]\"]},\"rageClick\":{\"enabled\":true,\"cssSelectorAllowlist\":[\"*\"]},\"thrashedCursor\":{\"enabled\":true},\"errorClicks\":{\"enabled\":true,\"cssSelectorAllowlist\":[\"input[type=\\\"button\\\"]\",\"input[type=\\\"submit\\\"]\",\"input[type=\\\"reset\\\"]\",\"input[type=\\\"image\\\"]\",\"input[type=\\\"file\\\"]\",\"a\",\"button\",\"[role=\\\"button\\\"]\",\"[role=\\\"link\\\"]\",\"[role=\\\"menuitem\\\"]\",\"[role=\\\"menuitemcheckbox\\\"]\",\"[role=\\\"menuitemradio\\\"]\",\"[role=\\\"option\\\"]\",\"[role=\\\"tab\\\"]\",\"[role=\\\"treeitem\\\"]\",\"[contenteditable=\\\"true\\\" i]\"]},\"enabled\":true},\"pageViews\":true,\"elementInteractions\":{\"pageUrlAllowlistRegex\":[],\"actionClickAllowlist\":[\"div\",\"span\",\"h1\",\"h2\",\"h3\",\"h4\",\"h5\",\"h6\"],\"viewportContentUpdated\":{\"enabled\":true,\"exposureDuration\":150},\"pageUrlAllowlist\":[\"https://mindgracencr.in\"],\"cssSelectorAllowlist\":[\"a\",\"button\",\"input\",\"select\",\"textarea\",\"label\",\"video\",\"audio\",\"[contenteditable=\\\"true\\\" i]\",\"[data-amp-default-track]\",\".amp-default-track\"],\"dataAttributePrefix\":\"data-amp-track-\"},\"fileDownloads\":true,\"webVitals\":{\"enabled\":true},\"formInteractions\":true}}}}},\"lastFetch\":\"2026-09-24T18:06:28.352Z\"}"},"loggerProvider":{"logLevel":"Debug"}},"transportProvider":{"customHeaders":{},"enableKeepalive":true},"useBatch":false,"cookieOptions":{"domain":".127.0.0.1","expiration":365,"sameSite":"Lax","secure":false,"upgrade":true},"defaultTracking":{"pageViews":true,"sessions":true,"formInteractions":true,"fileDownloads":true,"elementInteractions":{"pageUrlAllowlistRegex":[],"actionClickAllowlist":["div","span","h1","h2","h3","h4","h5","h6"],"viewportContentUpdated":{"exposureDuration":150},"pageUrlAllowlist":["https://mindgracencr.in"],"cssSelectorAllowlist":["a","button","input","select","textarea","label","video","audio","[contenteditable=\"true\" i]","[data-amp-default-track]",".amp-default-track"],"dataAttributePrefix":"data-amp-track-"},"frustrationInteractions":{"thrashedCursor":true,"errorClicks":{"cssSelectorAllowlist":["input[type=\"button\"]","input[type=\"submit\"]","input[type=\"reset\"]","input[type=\"image\"]","input[type=\"file\"]","a","button","[role=\"button\"]","[role=\"link\"]","[role=\"menuitem\"]","[role=\"menuitemcheckbox\"]","[role=\"menuitemradio\"]","[role=\"option\"]","[role=\"tab\"]","[role=\"treeitem\"]","[contenteditable=\"true\" i]"]},"rageClicks":{"cssSelectorAllowlist":["*"]},"deadClicks":{"cssSelectorAllowlist":["input[type=\"button\"]","input[type=\"submit\"]","input[type=\"reset\"]","input[type=\"image\"]","input[type=\"file\"]","a","button","[role=\"button\"]","[role=\"link\"]","[role=\"menuitem\"]","[role=\"menuitemcheckbox\"]","[role=\"menuitemradio\"]","[role=\"option\"]","[role=\"tab\"]","[role=\"treeitem\"]","[contenteditable=\"true\" i]"]}},"networkTracking":{"captureRules":[{"responseBody":{"allowlist":[],"excludelist":[]},"requestHeaders":["access-control-allow-origin","access-control-allow-credentials","access-control-expose-headers","access-control-max-age","access-control-allow-methods","access-control-allow-headers","accept-patch","accept-ranges","age","allow","alt-svc","cache-control","connection","content-disposition","content-encoding","content-language","content-length","content-location","content-md5","content-range","content-type","date","delta-base","etag","expires","im","last-modified","link","location","permanent","p3p","pragma","proxy-authenticate","public-key-pins","retry-after","server","status","strict-transport-security","trailer","transfer-encoding","tk","upgrade","vary","via","warning","www-authenticate","x-b3-traceid","x-frame-options"],"responseHeaders":["access-control-allow-origin","access-control-allow-credentials","access-control-expose-headers","access-control-max-age","access-control-allow-methods","access-control-allow-headers","accept-patch","accept-ranges","age","allow","alt-svc","cache-control","connection","content-disposition","content-encoding","content-language","content-length","content-location","content-md5","content-range","content-type","date","delta-base","etag","expires","im","last-modified","link","location","permanent","p3p","pragma","proxy-authenticate","public-key-pins","retry-after","server","status","strict-transport-security","trailer","transfer-encoding","tk","upgrade","vary","via","warning","www-authenticate","x-b3-traceid","x-frame-options"],"statusCodeRange":"500-599","requestBody":{"allowlist":[],"excludelist":[]},"hosts":["*"],"urls":[]}],"ignoreAmplitudeRequests":true},"webVitals":true,"screenViews":true},"autocapture":{"pageViews":true,"sessions":true,"formInteractions":true,"fileDownloads":true,"elementInteractions":{"pageUrlAllowlistRegex":[],"actionClickAllowlist":["div","span","h1","h2","h3","h4","h5","h6"],"viewportContentUpdated":{"exposureDuration":150},"pageUrlAllowlist":["https://mindgracencr.in"],"cssSelectorAllowlist":["a","button","input","select","textarea","label","video","audio","[contenteditable=\"true\" i]","[data-amp-default-track]",".amp-default-track"],"dataAttributePrefix":"data-amp-track-"},"frustrationInteractions":{"thrashedCursor":true,"errorClicks":{"cssSelectorAllowlist":["input[type=\"button\"]","input[type=\"submit\"]","input[type=\"reset\"]","input[type=\"image\"]","input[type=\"file\"]","a","button","[role=\"button\"]","[role=\"link\"]","[role=\"menuitem\"]","[role=\"menuitemcheckbox\"]","[role=\"menuitemradio\"]","[role=\"option\"]","[role=\"tab\"]","[role=\"treeitem\"]","[contenteditable=\"true\" i]"]},"rageClicks":{"cssSelectorAllowlist":["*"]},"deadClicks":{"cssSelectorAllowlist":["input[type=\"button\"]","input[type=\"submit\"]","input[type=\"reset\"]","input[type=\"image\"]","input[type=\"file\"]","a","button","[role=\"button\"]","[role=\"link\"]","[role=\"menuitem\"]","[role=\"menuitemcheckbox\"]","[role=\"menuitemradio\"]","[role=\"option\"]","[role=\"tab\"]","[role=\"treeitem\"]","[contenteditable=\"true\" i]"]}},"networkTracking":{"captureRules":[{"responseBody":{"allowlist":[],"excludelist":[]},"requestHeaders":["access-control-allow-origin","access-control-allow-credentials","access-control-expose-headers","access-control-max-age","access-control-allow-methods","access-control-allow-headers","accept-patch","accept-ranges","age","allow","alt-svc","cache-control","connection","content-disposition","content-encoding","content-language","content-length","content-location","content-md5","content-range","content-type","date","delta-base","etag","expires","im","last-modified","link","location","permanent","p3p","pragma","proxy-authenticate","public-key-pins","retry-after","server","status","strict-transport-security","trailer","transfer-encoding","tk","upgrade","vary","via","warning","www-authenticate","x-b3-traceid","x-frame-options"],"responseHeaders":["access-control-allow-origin","access-control-allow-credentials","access-control-expose-headers","access-control-max-age","access-control-allow-methods","access-control-allow-headers","accept-patch","accept-ranges","age","allow","alt-svc","cache-control","connection","content-disposition","content-encoding","content-language","content-length","content-location","content-md5","content-range","content-type","date","delta-base","etag","expires","im","last-modified","link","location","permanent","p3p","pragma","proxy-authenticate","public-key-pins","retry-after","server","status","strict-transport-security","trailer","transfer-encoding","tk","upgrade","vary","via","warning","www-authenticate","x-b3-traceid","x-frame-options"],"statusCodeRange":"500-599","requestBody":{"allowlist":[],"excludelist":[]},"hosts":["*"],"urls":[]}],"ignoreAmplitudeRequests":true},"webVitals":true,"screenViews":true},"identityStorage":"cookie","sessionTimeout":1800000,"trackingOptions":{"ipAddress":true,"language":true,"platform":true},"transport":"fetch","fetchRemoteConfig":true,"enableDiagnostics":true,"diagnosticsSampleRate":0.02,"diagnosticsClient":{"inMemoryTags":{},"inMemoryCounters":{},"inMemoryHistograms":{},"inMemoryEvents":[],"saveTimer":null,"flushTimer":117,"apiKey":"bcd984f11210e7e9d3f74d505271cf04","logger":{"logLevel":"Debug"},"serverUrl":"https://diagnostics.prod.us-west-2.amplitude.com/v1/capture","config":{"enabled":true,"sampleRate":0.02},"startTimestamp":1790273188354,"shouldTrack":false,"storage":{"dbPromise":{},"logger":{"logLevel":"Debug"},"dbName":"AMP_diagnostics_bcd984f112"}},"remoteConfig":{"fetchRemoteConfig":true},"topLevelDomain":".127.0.0.1","enableRequestBodyCompression":false,"version":"2.47.0","_cookieStorage":{"options":{"domain":".127.0.0.1","expiration":365,"sameSite":"Lax","secure":false,"upgrade":true,"expirationDays":365},"config":{"diagnosticsClient":{"inMemoryTags":{},"inMemoryCounters":{},"inMemoryHistograms":{},"inMemoryEvents":[],"saveTimer":null,"flushTimer":117,"apiKey":"bcd984f11210e7e9d3f74d505271cf04","logger":{"logLevel":"Debug"},"serverUrl":"https://diagnostics.prod.us-west-2.amplitude.com/v1/capture","config":{"enabled":true,"sampleRate":0.02},"startTimestamp":1790273188354,"shouldTrack":false,"storage":{"dbPromise":{},"logger":{"logLevel":"Debug"},"dbName":"AMP_diagnostics_bcd984f112"}}}},"_deviceId":"a3119f6f-182d-4b98-9006-29ba42a5c879","remoteConfigClient":{"callbackInfos":[{"id":"3fa4bdb1-c9cb-4539-8f6f-d881deb5f8dc","key":"configs.diagnostics.browserSDK","deliveryMode":"all","lastCallback":"2026-09-24T18:06:28.353Z"},{"id":"a3ebcd6f-1a35-4434-897c-16646e30a131","key":"configs.analyticsSDK.browserSDK","deliveryMode":"all","lastCallback":"2026-09-24T18:06:28.411Z"},{"id":"8666b6dc-0e52-460e-a120-d36008dcbb4d","key":"configs.analyticsSDK.pageActions","deliveryMode":"all","lastCallback":"2026-09-24T18:06:28.405Z"},{"id":"80069193-8174-426c-b961-1d9f709f04b2","key":"configs.analyticsSDK.browserSDK.autocapture.elementSelector","deliveryMode":"all","lastCallback":"2026-09-24T18:06:28.406Z"},{"id":"d8c7e3c7-bf05-4bb1-b360-131a291f14ff","key":"configs.analyticsSDK.browserSDK.autocapture.elementSelector","deliveryMode":"all","lastCallback":"2026-09-24T18:06:28.407Z"}],"lastSuccessfulFetch":1790273188411,"fetchPromise":null,"isLastFetchInvalidApiKey":false,"apiKey":"bcd984f11210e7e9d3f74d505271cf04","configGroup":"browser","serverUrl":"https://sr-client-cfg.amplitude.com/config","logger":{"logLevel":"Debug"},"storage":{"key":"AMP_remote_config_bcd984f112","logger":{"logLevel":"Debug"},"isSupported":true}},"_sessionId":1790273188387,"_pageCounter":0,"_lastEventTime":1790273188387} @ http://127.0.0.1:8765/assets/vendor/min/amplitude-2.47.0.min.js:0
[    1539ms] [LOG] Amplitude Logger [Debug]: Remote config localstorage set successfully. @ http://127.0.0.1:8765/assets/vendor/min/amplitude-2.47.0.min.js:0
[    1539ms] [LOG] Amplitude Logger [Debug]: Remote config client subscription all mode fetched from remote: {"remoteConfig":{"configs":{"diagnostics":{"browserSDK":{"sampleRate":0.02}},"sessionReplay":{},"analyticsSDK":{"browserSDK":{"autocapture":{"sessions":true,"networkTracking":{"captureRules":[{"responseBody":{"allowlist":[],"excludelist":[]},"requestHeaders":["access-control-allow-origin","access-control-allow-credentials","access-control-expose-headers","access-control-max-age","access-control-allow-methods","access-control-allow-headers","accept-patch","accept-ranges","age","allow","alt-svc","cache-control","connection","content-disposition","content-encoding","content-language","content-length","content-location","content-md5","content-range","content-type","date","delta-base","etag","expires","im","last-modified","link","location","permanent","p3p","pragma","proxy-authenticate","public-key-pins","retry-after","server","status","strict-transport-security","trailer","transfer-encoding","tk","upgrade","vary","via","warning","www-authenticate","x-b3-traceid","x-frame-options"],"responseHeaders":["access-control-allow-origin","access-control-allow-credentials","access-control-expose-headers","access-control-max-age","access-control-allow-methods","access-control-allow-headers","accept-patch","accept-ranges","age","allow","alt-svc","cache-control","connection","content-disposition","content-encoding","content-language","content-length","content-location","content-md5","content-range","content-type","date","delta-base","etag","expires","im","last-modified","link","location","permanent","p3p","pragma","proxy-authenticate","public-key-pins","retry-after","server","status","strict-transport-security","trailer","transfer-encoding","tk","upgrade","vary","via","warning","www-authenticate","x-b3-traceid","x-frame-options"],"statusCodeRange":"500-599","requestBody":{"allowlist":[],"excludelist":[]},"hosts":["*"],"urls":[]}],"ignoreAmplitudeRequests":true},"frustrationInteractions":{"thrashedCursor":true,"errorClicks":{"cssSelectorAllowlist":["input[type=\"button\"]","input[type=\"submit\"]","input[type=\"reset\"]","input[type=\"image\"]","input[type=\"file\"]","a","button","[role=\"button\"]","[role=\"link\"]","[role=\"menuitem\"]","[role=\"menuitemcheckbox\"]","[role=\"menuitemradio\"]","[role=\"option\"]","[role=\"tab\"]","[role=\"treeitem\"]","[contenteditable=\"true\" i]"]},"rageClicks":{"cssSelectorAllowlist":["*"]},"deadClicks":{"cssSelectorAllowlist":["input[type=\"button\"]","input[type=\"submit\"]","input[type=\"reset\"]","input[type=\"image\"]","input[type=\"file\"]","a","button","[role=\"button\"]","[role=\"link\"]","[role=\"menuitem\"]","[role=\"menuitemcheckbox\"]","[role=\"menuitemradio\"]","[role=\"option\"]","[role=\"tab\"]","[role=\"treeitem\"]","[contenteditable=\"true\" i]"]}},"pageViews":true,"elementInteractions":{"pageUrlAllowlistRegex":[],"actionClickAllowlist":["div","span","h1","h2","h3","h4","h5","h6"],"viewportContentUpdated":{"exposureDuration":150},"pageUrlAllowlist":["https://mindgracencr.in"],"cssSelectorAllowlist":["a","button","input","select","textarea","label","video","audio","[contenteditable=\"true\" i]","[data-amp-default-track]",".amp-default-track"],"dataAttributePrefix":"data-amp-track-"},"fileDownloads":true,"webVitals":true,"formInteractions":true,"screenViews":true}}}}},"lastFetch":"2026-09-24T18:06:28.411Z"} @ http://127.0.0.1:8765/assets/vendor/min/amplitude-2.47.0.min.js:0
[    1539ms] [LOG] Amplitude Logger [Debug]: Remote config localstorage set successfully. @ http://127.0.0.1:8765/assets/vendor/min/amplitude-2.47.0.min.js:0
[    1539ms] [LOG] Amplitude Logger [Debug]: Remote config client subscription all mode fetched from remote: {"remoteConfig":{"configs":{"diagnostics":{"browserSDK":{"sampleRate":0.02}},"sessionReplay":{},"analyticsSDK":{"browserSDK":{"autocapture":{"sessions":true,"networkTracking":{"captureRules":[{"responseBody":{"allowlist":[],"excludelist":[]},"requestHeaders":["access-control-allow-origin","access-control-allow-credentials","access-control-expose-headers","access-control-max-age","access-control-allow-methods","access-control-allow-headers","accept-patch","accept-ranges","age","allow","alt-svc","cache-control","connection","content-disposition","content-encoding","content-language","content-length","content-location","content-md5","content-range","content-type","date","delta-base","etag","expires","im","last-modified","link","location","permanent","p3p","pragma","proxy-authenticate","public-key-pins","retry-after","server","status","strict-transport-security","trailer","transfer-encoding","tk","upgrade","vary","via","warning","www-authenticate","x-b3-traceid","x-frame-options"],"responseHeaders":["access-control-allow-origin","access-control-allow-credentials","access-control-expose-headers","access-control-max-age","access-control-allow-methods","access-control-allow-headers","accept-patch","accept-ranges","age","allow","alt-svc","cache-control","connection","content-disposition","content-encoding","content-language","content-length","content-location","content-md5","content-range","content-type","date","delta-base","etag","expires","im","last-modified","link","location","permanent","p3p","pragma","proxy-authenticate","public-key-pins","retry-after","server","status","strict-transport-security","trailer","transfer-encoding","tk","upgrade","vary","via","warning","www-authenticate","x-b3-traceid","x-frame-options"],"statusCodeRange":"500-599","requestBody":{"allowlist":[],"excludelist":[]},"hosts":["*"],"urls":[]}],"ignoreAmplitudeRequests":true},"frustrationInteractions":{"thrashedCursor":true,"errorClicks":{"cssSelectorAllowlist":["input[type=\"button\"]","input[type=\"submit\"]","input[type=\"reset\"]","input[type=\"image\"]","input[type=\"file\"]","a","button","[role=\"button\"]","[role=\"link\"]","[role=\"menuitem\"]","[role=\"menuitemcheckbox\"]","[role=\"menuitemradio\"]","[role=\"option\"]","[role=\"tab\"]","[role=\"treeitem\"]","[contenteditable=\"true\" i]"]},"rageClicks":{"cssSelectorAllowlist":["*"]},"deadClicks":{"cssSelectorAllowlist":["input[type=\"button\"]","input[type=\"submit\"]","input[type=\"reset\"]","input[type=\"image\"]","input[type=\"file\"]","a","button","[role=\"button\"]","[role=\"link\"]","[role=\"menuitem\"]","[role=\"menuitemcheckbox\"]","[role=\"menuitemradio\"]","[role=\"option\"]","[role=\"tab\"]","[role=\"treeitem\"]","[contenteditable=\"true\" i]"]}},"pageViews":true,"elementInteractions":{"pageUrlAllowlistRegex":[],"actionClickAllowlist":["div","span","h1","h2","h3","h4","h5","h6"],"viewportContentUpdated":{"exposureDuration":150},"pageUrlAllowlist":["https://mindgracencr.in"],"cssSelectorAllowlist":["a","button","input","select","textarea","label","video","audio","[contenteditable=\"true\" i]","[data-amp-default-track]",".amp-default-track"],"dataAttributePrefix":"data-amp-track-"},"fileDownloads":true,"webVitals":true,"formInteractions":true,"screenViews":true}}}}},"lastFetch":"2026-09-24T18:06:28.411Z"} @ http://127.0.0.1:8765/assets/vendor/min/amplitude-2.47.0.min.js:0
[    1539ms] [LOG] Amplitude Logger [Debug]: @amplitude/element-selector: remote-config delivery (source=remote) null @ http://127.0.0.1:8765/assets/vendor/min/amplitude-2.47.0.min.js:0
[    1540ms] [LOG] Amplitude Logger [Debug]: Remote config localstorage set successfully. @ http://127.0.0.1:8765/assets/vendor/min/amplitude-2.47.0.min.js:0
[    1540ms] [LOG] Amplitude Logger [Debug]: Remote config client subscription all mode fetched from remote: {"remoteConfig":{"configs":{"diagnostics":{"browserSDK":{"sampleRate":0.02}},"sessionReplay":{},"analyticsSDK":{"browserSDK":{"autocapture":{"sessions":true,"networkTracking":{"captureRules":[{"responseBody":{"allowlist":[],"excludelist":[]},"requestHeaders":["access-control-allow-origin","access-control-allow-credentials","access-control-expose-headers","access-control-max-age","access-control-allow-methods","access-control-allow-headers","accept-patch","accept-ranges","age","allow","alt-svc","cache-control","connection","content-disposition","content-encoding","content-language","content-length","content-location","content-md5","content-range","content-type","date","delta-base","etag","expires","im","last-modified","link","location","permanent","p3p","pragma","proxy-authenticate","public-key-pins","retry-after","server","status","strict-transport-security","trailer","transfer-encoding","tk","upgrade","vary","via","warning","www-authenticate","x-b3-traceid","x-frame-options"],"responseHeaders":["access-control-allow-origin","access-control-allow-credentials","access-control-expose-headers","access-control-max-age","access-control-allow-methods","access-control-allow-headers","accept-patch","accept-ranges","age","allow","alt-svc","cache-control","connection","content-disposition","content-encoding","content-language","content-length","content-location","content-md5","content-range","content-type","date","delta-base","etag","expires","im","last-modified","link","location","permanent","p3p","pragma","proxy-authenticate","public-key-pins","retry-after","server","status","strict-transport-security","trailer","transfer-encoding","tk","upgrade","vary","via","warning","www-authenticate","x-b3-traceid","x-frame-options"],"statusCodeRange":"500-599","requestBody":{"allowlist":[],"excludelist":[]},"hosts":["*"],"urls":[]}],"ignoreAmplitudeRequests":true},"frustrationInteractions":{"thrashedCursor":true,"errorClicks":{"cssSelectorAllowlist":["input[type=\"button\"]","input[type=\"submit\"]","input[type=\"reset\"]","input[type=\"image\"]","input[type=\"file\"]","a","button","[role=\"button\"]","[role=\"link\"]","[role=\"menuitem\"]","[role=\"menuitemcheckbox\"]","[role=\"menuitemradio\"]","[role=\"option\"]","[role=\"tab\"]","[role=\"treeitem\"]","[contenteditable=\"true\" i]"]},"rageClicks":{"cssSelectorAllowlist":["*"]},"deadClicks":{"cssSelectorAllowlist":["input[type=\"button\"]","input[type=\"submit\"]","input[type=\"reset\"]","input[type=\"image\"]","input[type=\"file\"]","a","button","[role=\"button\"]","[role=\"link\"]","[role=\"menuitem\"]","[role=\"menuitemcheckbox\"]","[role=\"menuitemradio\"]","[role=\"option\"]","[role=\"tab\"]","[role=\"treeitem\"]","[contenteditable=\"true\" i]"]}},"pageViews":true,"elementInteractions":{"pageUrlAllowlistRegex":[],"actionClickAllowlist":["div","span","h1","h2","h3","h4","h5","h6"],"viewportContentUpdated":{"exposureDuration":150},"pageUrlAllowlist":["https://mindgracencr.in"],"cssSelectorAllowlist":["a","button","input","select","textarea","label","video","audio","[contenteditable=\"true\" i]","[data-amp-default-track]",".amp-default-track"],"dataAttributePrefix":"data-amp-track-"},"fileDownloads":true,"webVitals":true,"formInteractions":true,"screenViews":true}}}}},"lastFetch":"2026-09-24T18:06:28.411Z"} @ http://127.0.0.1:8765/assets/vendor/min/amplitude-2.47.0.min.js:0
[    1540ms] [LOG] Amplitude Logger [Debug]: @amplitude/element-selector: remote-config delivery (source=remote) null @ http://127.0.0.1:8765/assets/vendor/min/amplitude-2.47.0.min.js:0
[    1540ms] [LOG] Amplitude Logger [Debug]: Remote config localstorage set successfully. @ http://127.0.0.1:8765/assets/vendor/min/amplitude-2.47.0.min.js:0
[    1541ms] [LOG] Amplitude Logger [Log]: Timeline.apply: Initial event [object Object] @ http://127.0.0.1:8765/assets/vendor/min/amplitude-2.47.0.min.js:0
[    1541ms] [LOG] Amplitude Logger [Log]: Timeline.apply: Event after before plugin '@amplitude/plugin-context-browser', event: {"device_id":"a3119f6f-182d-4b98-9006-29ba42a5c879","session_id":1790273188387,"time":1790273188414,"platform":"Web","language":"en-US","ip":"$remote","insert_id":"04020d50-fc84-4407-9429-d9ca66cb028d","event_type":"$identify","user_properties":{"$setOnce":{"initial_utm_campaign":"EMPTY","initial_utm_content":"EMPTY","initial_utm_id":"EMPTY","initial_utm_medium":"EMPTY","initial_utm_source":"EMPTY","initial_utm_term":"EMPTY","initial_referrer":"EMPTY","initial_referring_domain":"EMPTY","initial_dclid":"EMPTY","initial_gbraid":"EMPTY","initial_gclid":"EMPTY","initial_fbclid":"EMPTY","initial_ko_click_id":"EMPTY","initial_li_fat_id":"EMPTY","initial_msclkid":"EMPTY","initial_rdt_cid":"EMPTY","initial_ttclid":"EMPTY","initial_twclid":"EMPTY","initial_wbraid":"EMPTY"},"$unset":{"utm_campaign":"-","utm_content":"-","utm_id":"-","utm_medium":"-","utm_source":"-","utm_term":"-","referrer":"-","referring_domain":"-","dclid":"-","gbraid":"-","gclid":"-","fbclid":"-","ko_click_id":"-","li_fat_id":"-","msclkid":"-","rdt_cid":"-","ttclid":"-","twclid":"-","wbraid":"-"}},"event_id":0,"library":"amplitude-ts/2.47.0","user_agent":"Mozilla/5.0 (Windows NT 10.0; Win64; x64) AppleWebKit/537.36 (KHTML, like Gecko) HeadlessChrome/148.0.0.0 Safari/537.36 Edg/148.0.0.0"} @ http://127.0.0.1:8765/assets/vendor/min/amplitude-2.47.0.min.js:0
[    1542ms] [LOG] Amplitude Logger [Log]: Timeline.apply: Event after before plugin 'identity', event: {"device_id":"a3119f6f-182d-4b98-9006-29ba42a5c879","session_id":1790273188387,"time":1790273188414,"platform":"Web","language":"en-US","ip":"$remote","insert_id":"04020d50-fc84-4407-9429-d9ca66cb028d","event_type":"$identify","user_properties":{"$setOnce":{"initial_utm_campaign":"EMPTY","initial_utm_content":"EMPTY","initial_utm_id":"EMPTY","initial_utm_medium":"EMPTY","initial_utm_source":"EMPTY","initial_utm_term":"EMPTY","initial_referrer":"EMPTY","initial_referring_domain":"EMPTY","initial_dclid":"EMPTY","initial_gbraid":"EMPTY","initial_gclid":"EMPTY","initial_fbclid":"EMPTY","initial_ko_click_id":"EMPTY","initial_li_fat_id":"EMPTY","initial_msclkid":"EMPTY","initial_rdt_cid":"EMPTY","initial_ttclid":"EMPTY","initial_twclid":"EMPTY","initial_wbraid":"EMPTY"},"$unset":{"utm_campaign":"-","utm_content":"-","utm_id":"-","utm_medium":"-","utm_source":"-","utm_term":"-","referrer":"-","referring_domain":"-","dclid":"-","gbraid":"-","gclid":"-","fbclid":"-","ko_click_id":"-","li_fat_id":"-","msclkid":"-","rdt_cid":"-","ttclid":"-","twclid":"-","wbraid":"-"}},"event_id":0,"library":"amplitude-ts/2.47.0","user_agent":"Mozilla/5.0 (Windows NT 10.0; Win64; x64) AppleWebKit/537.36 (KHTML, like Gecko) HeadlessChrome/148.0.0.0 Safari/537.36 Edg/148.0.0.0"} @ http://127.0.0.1:8765/assets/vendor/min/amplitude-2.47.0.min.js:0
[    1542ms] [LOG] Amplitude Logger [Log]: Timeline.apply: Event after enrichment plugin '@amplitude/plugin-file-download-tracking-browser', event: {"device_id":"a3119f6f-182d-4b98-9006-29ba42a5c879","session_id":1790273188387,"time":1790273188414,"platform":"Web","language":"en-US","ip":"$remote","insert_id":"04020d50-fc84-4407-9429-d9ca66cb028d","event_type":"$identify","user_properties":{"$setOnce":{"initial_utm_campaign":"EMPTY","initial_utm_content":"EMPTY","initial_utm_id":"EMPTY","initial_utm_medium":"EMPTY","initial_utm_source":"EMPTY","initial_utm_term":"EMPTY","initial_referrer":"EMPTY","initial_referring_domain":"EMPTY","initial_dclid":"EMPTY","initial_gbraid":"EMPTY","initial_gclid":"EMPTY","initial_fbclid":"EMPTY","initial_ko_click_id":"EMPTY","initial_li_fat_id":"EMPTY","initial_msclkid":"EMPTY","initial_rdt_cid":"EMPTY","initial_ttclid":"EMPTY","initial_twclid":"EMPTY","initial_wbraid":"EMPTY"},"$unset":{"utm_campaign":"-","utm_content":"-","utm_id":"-","utm_medium":"-","utm_source":"-","utm_term":"-","referrer":"-","referring_domain":"-","dclid":"-","gbraid":"-","gclid":"-","fbclid":"-","ko_click_id":"-","li_fat_id":"-","msclkid":"-","rdt_cid":"-","ttclid":"-","twclid":"-","wbraid":"-"}},"event_id":0,"library":"amplitude-ts/2.47.0","user_agent":"Mozilla/5.0 (Windows NT 10.0; Win64; x64) AppleWebKit/537.36 (KHTML, like Gecko) HeadlessChrome/148.0.0.0 Safari/537.36 Edg/148.0.0.0"} @ http://127.0.0.1:8765/assets/vendor/min/amplitude-2.47.0.min.js:0
[    1542ms] [LOG] Amplitude Logger [Log]: Timeline.apply: Event after enrichment plugin '@amplitude/plugin-form-interaction-tracking-browser', event: {"device_id":"a3119f6f-182d-4b98-9006-29ba42a5c879","session_id":1790273188387,"time":1790273188414,"platform":"Web","language":"en-US","ip":"$remote","insert_id":"04020d50-fc84-4407-9429-d9ca66cb028d","event_type":"$identify","user_properties":{"$setOnce":{"initial_utm_campaign":"EMPTY","initial_utm_content":"EMPTY","initial_utm_id":"EMPTY","initial_utm_medium":"EMPTY","initial_utm_source":"EMPTY","initial_utm_term":"EMPTY","initial_referrer":"EMPTY","initial_referring_domain":"EMPTY","initial_dclid":"EMPTY","initial_gbraid":"EMPTY","initial_gclid":"EMPTY","initial_fbclid":"EMPTY","initial_ko_click_id":"EMPTY","initial_li_fat_id":"EMPTY","initial_msclkid":"EMPTY","initial_rdt_cid":"EMPTY","initial_ttclid":"EMPTY","initial_twclid":"EMPTY","initial_wbraid":"EMPTY"},"$unset":{"utm_campaign":"-","utm_content":"-","utm_id":"-","utm_medium":"-","utm_source":"-","utm_term":"-","referrer":"-","referring_domain":"-","dclid":"-","gbraid":"-","gclid":"-","fbclid":"-","ko_click_id":"-","li_fat_id":"-","msclkid":"-","rdt_cid":"-","ttclid":"-","twclid":"-","wbraid":"-"}},"event_id":0,"library":"amplitude-ts/2.47.0","user_agent":"Mozilla/5.0 (Windows NT 10.0; Win64; x64) AppleWebKit/537.36 (KHTML, like Gecko) HeadlessChrome/148.0.0.0 Safari/537.36 Edg/148.0.0.0"} @ http://127.0.0.1:8765/assets/vendor/min/amplitude-2.47.0.min.js:0
[    1543ms] [LOG] Amplitude Logger [Log]: Timeline.apply: Event after enrichment plugin '@amplitude/plugin-page-view-tracking-browser', event: {"device_id":"a3119f6f-182d-4b98-9006-29ba42a5c879","session_id":1790273188387,"time":1790273188414,"platform":"Web","language":"en-US","ip":"$remote","insert_id":"04020d50-fc84-4407-9429-d9ca66cb028d","event_type":"$identify","user_properties":{"$setOnce":{"initial_utm_campaign":"EMPTY","initial_utm_content":"EMPTY","initial_utm_id":"EMPTY","initial_utm_medium":"EMPTY","initial_utm_source":"EMPTY","initial_utm_term":"EMPTY","initial_referrer":"EMPTY","initial_referring_domain":"EMPTY","initial_dclid":"EMPTY","initial_gbraid":"EMPTY","initial_gclid":"EMPTY","initial_fbclid":"EMPTY","initial_ko_click_id":"EMPTY","initial_li_fat_id":"EMPTY","initial_msclkid":"EMPTY","initial_rdt_cid":"EMPTY","initial_ttclid":"EMPTY","initial_twclid":"EMPTY","initial_wbraid":"EMPTY"},"$unset":{"utm_campaign":"-","utm_content":"-","utm_id":"-","utm_medium":"-","utm_source":"-","utm_term":"-","referrer":"-","referring_domain":"-","dclid":"-","gbraid":"-","gclid":"-","fbclid":"-","ko_click_id":"-","li_fat_id":"-","msclkid":"-","rdt_cid":"-","ttclid":"-","twclid":"-","wbraid":"-"}},"event_id":0,"library":"amplitude-ts/2.47.0","user_agent":"Mozilla/5.0 (Windows NT 10.0; Win64; x64) AppleWebKit/537.36 (KHTML, like Gecko) HeadlessChrome/148.0.0.0 Safari/537.36 Edg/148.0.0.0"} @ http://127.0.0.1:8765/assets/vendor/min/amplitude-2.47.0.min.js:0
[    1543ms] [LOG] Amplitude Logger [Log]: Timeline.apply: Event after enrichment plugin '@amplitude/plugin-event-property-attribution-browser', event: {"device_id":"a3119f6f-182d-4b98-9006-29ba42a5c879","session_id":1790273188387,"time":1790273188414,"platform":"Web","language":"en-US","ip":"$remote","insert_id":"04020d50-fc84-4407-9429-d9ca66cb028d","event_type":"$identify","user_properties":{"$setOnce":{"initial_utm_campaign":"EMPTY","initial_utm_content":"EMPTY","initial_utm_id":"EMPTY","initial_utm_medium":"EMPTY","initial_utm_source":"EMPTY","initial_utm_term":"EMPTY","initial_referrer":"EMPTY","initial_referring_domain":"EMPTY","initial_dclid":"EMPTY","initial_gbraid":"EMPTY","initial_gclid":"EMPTY","initial_fbclid":"EMPTY","initial_ko_click_id":"EMPTY","initial_li_fat_id":"EMPTY","initial_msclkid":"EMPTY","initial_rdt_cid":"EMPTY","initial_ttclid":"EMPTY","initial_twclid":"EMPTY","initial_wbraid":"EMPTY"},"$unset":{"utm_campaign":"-","utm_content":"-","utm_id":"-","utm_medium":"-","utm_source":"-","utm_term":"-","referrer":"-","referring_domain":"-","dclid":"-","gbraid":"-","gclid":"-","fbclid":"-","ko_click_id":"-","li_fat_id":"-","msclkid":"-","rdt_cid":"-","ttclid":"-","twclid":"-","wbraid":"-"}},"event_id":0,"library":"amplitude-ts/2.47.0","user_agent":"Mozilla/5.0 (Windows NT 10.0; Win64; x64) AppleWebKit/537.36 (KHTML, like Gecko) HeadlessChrome/148.0.0.0 Safari/537.36 Edg/148.0.0.0"} @ http://127.0.0.1:8765/assets/vendor/min/amplitude-2.47.0.min.js:0
[    1543ms] [LOG] Amplitude Logger [Log]: Timeline.apply: Event after enrichment plugin '@amplitude/plugin-autocapture-browser', event: {"device_id":"a3119f6f-182d-4b98-9006-29ba42a5c879","session_id":1790273188387,"time":1790273188414,"platform":"Web","language":"en-US","ip":"$remote","insert_id":"04020d50-fc84-4407-9429-d9ca66cb028d","event_type":"$identify","user_properties":{"$setOnce":{"initial_utm_campaign":"EMPTY","initial_utm_content":"EMPTY","initial_utm_id":"EMPTY","initial_utm_medium":"EMPTY","initial_utm_source":"EMPTY","initial_utm_term":"EMPTY","initial_referrer":"EMPTY","initial_referring_domain":"EMPTY","initial_dclid":"EMPTY","initial_gbraid":"EMPTY","initial_gclid":"EMPTY","initial_fbclid":"EMPTY","initial_ko_click_id":"EMPTY","initial_li_fat_id":"EMPTY","initial_msclkid":"EMPTY","initial_rdt_cid":"EMPTY","initial_ttclid":"EMPTY","initial_twclid":"EMPTY","initial_wbraid":"EMPTY"},"$unset":{"utm_campaign":"-","utm_content":"-","utm_id":"-","utm_medium":"-","utm_source":"-","utm_term":"-","referrer":"-","referring_domain":"-","dclid":"-","gbraid":"-","gclid":"-","fbclid":"-","ko_click_id":"-","li_fat_id":"-","msclkid":"-","rdt_cid":"-","ttclid":"-","twclid":"-","wbraid":"-"}},"event_id":0,"library":"amplitude-ts/2.47.0","user_agent":"Mozilla/5.0 (Windows NT 10.0; Win64; x64) AppleWebKit/537.36 (KHTML, like Gecko) HeadlessChrome/148.0.0.0 Safari/537.36 Edg/148.0.0.0"} @ http://127.0.0.1:8765/assets/vendor/min/amplitude-2.47.0.min.js:0
[    1544ms] [LOG] Amplitude Logger [Log]: Timeline.apply: Event after enrichment plugin '@amplitude/plugin-frustration-browser', event: {"device_id":"a3119f6f-182d-4b98-9006-29ba42a5c879","session_id":1790273188387,"time":1790273188414,"platform":"Web","language":"en-US","ip":"$remote","insert_id":"04020d50-fc84-4407-9429-d9ca66cb028d","event_type":"$identify","user_properties":{"$setOnce":{"initial_utm_campaign":"EMPTY","initial_utm_content":"EMPTY","initial_utm_id":"EMPTY","initial_utm_medium":"EMPTY","initial_utm_source":"EMPTY","initial_utm_term":"EMPTY","initial_referrer":"EMPTY","initial_referring_domain":"EMPTY","initial_dclid":"EMPTY","initial_gbraid":"EMPTY","initial_gclid":"EMPTY","initial_fbclid":"EMPTY","initial_ko_click_id":"EMPTY","initial_li_fat_id":"EMPTY","initial_msclkid":"EMPTY","initial_rdt_cid":"EMPTY","initial_ttclid":"EMPTY","initial_twclid":"EMPTY","initial_wbraid":"EMPTY"},"$unset":{"utm_campaign":"-","utm_content":"-","utm_id":"-","utm_medium":"-","utm_source":"-","utm_term":"-","referrer":"-","referring_domain":"-","dclid":"-","gbraid":"-","gclid":"-","fbclid":"-","ko_click_id":"-","li_fat_id":"-","msclkid":"-","rdt_cid":"-","ttclid":"-","twclid":"-","wbraid":"-"}},"event_id":0,"library":"amplitude-ts/2.47.0","user_agent":"Mozilla/5.0 (Windows NT 10.0; Win64; x64) AppleWebKit/537.36 (KHTML, like Gecko) HeadlessChrome/148.0.0.0 Safari/537.36 Edg/148.0.0.0"} @ http://127.0.0.1:8765/assets/vendor/min/amplitude-2.47.0.min.js:0
[    1544ms] [LOG] Amplitude Logger [Log]: Timeline.apply: Event after enrichment plugin '@amplitude/plugin-network-capture-browser', event: {"device_id":"a3119f6f-182d-4b98-9006-29ba42a5c879","session_id":1790273188387,"time":1790273188414,"platform":"Web","language":"en-US","ip":"$remote","insert_id":"04020d50-fc84-4407-9429-d9ca66cb028d","event_type":"$identify","user_properties":{"$setOnce":{"initial_utm_campaign":"EMPTY","initial_utm_content":"EMPTY","initial_utm_id":"EMPTY","initial_utm_medium":"EMPTY","initial_utm_source":"EMPTY","initial_utm_term":"EMPTY","initial_referrer":"EMPTY","initial_referring_domain":"EMPTY","initial_dclid":"EMPTY","initial_gbraid":"EMPTY","initial_gclid":"EMPTY","initial_fbclid":"EMPTY","initial_ko_click_id":"EMPTY","initial_li_fat_id":"EMPTY","initial_msclkid":"EMPTY","initial_rdt_cid":"EMPTY","initial_ttclid":"EMPTY","initial_twclid":"EMPTY","initial_wbraid":"EMPTY"},"$unset":{"utm_campaign":"-","utm_content":"-","utm_id":"-","utm_medium":"-","utm_source":"-","utm_term":"-","referrer":"-","referring_domain":"-","dclid":"-","gbraid":"-","gclid":"-","fbclid":"-","ko_click_id":"-","li_fat_id":"-","msclkid":"-","rdt_cid":"-","ttclid":"-","twclid":"-","wbraid":"-"}},"event_id":0,"library":"amplitude-ts/2.47.0","user_agent":"Mozilla/5.0 (Windows NT 10.0; Win64; x64) AppleWebKit/537.36 (KHTML, like Gecko) HeadlessChrome/148.0.0.0 Safari/537.36 Edg/148.0.0.0"} @ http://127.0.0.1:8765/assets/vendor/min/amplitude-2.47.0.min.js:0
[    1544ms] [LOG] Amplitude Logger [Log]: Timeline.apply: Event after enrichment plugin 'web-vitals-browser', event: {"device_id":"a3119f6f-182d-4b98-9006-29ba42a5c879","session_id":1790273188387,"time":1790273188414,"platform":"Web","language":"en-US","ip":"$remote","insert_id":"04020d50-fc84-4407-9429-d9ca66cb028d","event_type":"$identify","user_properties":{"$setOnce":{"initial_utm_campaign":"EMPTY","initial_utm_content":"EMPTY","initial_utm_id":"EMPTY","initial_utm_medium":"EMPTY","initial_utm_source":"EMPTY","initial_utm_term":"EMPTY","initial_referrer":"EMPTY","initial_referring_domain":"EMPTY","initial_dclid":"EMPTY","initial_gbraid":"EMPTY","initial_gclid":"EMPTY","initial_fbclid":"EMPTY","initial_ko_click_id":"EMPTY","initial_li_fat_id":"EMPTY","initial_msclkid":"EMPTY","initial_rdt_cid":"EMPTY","initial_ttclid":"EMPTY","initial_twclid":"EMPTY","initial_wbraid":"EMPTY"},"$unset":{"utm_campaign":"-","utm_content":"-","utm_id":"-","utm_medium":"-","utm_source":"-","utm_term":"-","referrer":"-","referring_domain":"-","dclid":"-","gbraid":"-","gclid":"-","fbclid":"-","ko_click_id":"-","li_fat_id":"-","msclkid":"-","rdt_cid":"-","ttclid":"-","twclid":"-","wbraid":"-"}},"event_id":0,"library":"amplitude-ts/2.47.0","user_agent":"Mozilla/5.0 (Windows NT 10.0; Win64; x64) AppleWebKit/537.36 (KHTML, like Gecko) HeadlessChrome/148.0.0.0 Safari/537.36 Edg/148.0.0.0"} @ http://127.0.0.1:8765/assets/vendor/min/amplitude-2.47.0.min.js:0
[    1545ms] [LOG] Amplitude Logger [Log]: Timeline.apply: Event after enrichment plugin '@amplitude/plugin-page-url-enrichment-browser', event: {"device_id":"a3119f6f-182d-4b98-9006-29ba42a5c879","session_id":1790273188387,"time":1790273188414,"platform":"Web","language":"en-US","ip":"$remote","insert_id":"04020d50-fc84-4407-9429-d9ca66cb028d","event_type":"$identify","user_properties":{"$setOnce":{"initial_utm_campaign":"EMPTY","initial_utm_content":"EMPTY","initial_utm_id":"EMPTY","initial_utm_medium":"EMPTY","initial_utm_source":"EMPTY","initial_utm_term":"EMPTY","initial_referrer":"EMPTY","initial_referring_domain":"EMPTY","initial_dclid":"EMPTY","initial_gbraid":"EMPTY","initial_gclid":"EMPTY","initial_fbclid":"EMPTY","initial_ko_click_id":"EMPTY","initial_li_fat_id":"EMPTY","initial_msclkid":"EMPTY","initial_rdt_cid":"EMPTY","initial_ttclid":"EMPTY","initial_twclid":"EMPTY","initial_wbraid":"EMPTY"},"$unset":{"utm_campaign":"-","utm_content":"-","utm_id":"-","utm_medium":"-","utm_source":"-","utm_term":"-","referrer":"-","referring_domain":"-","dclid":"-","gbraid":"-","gclid":"-","fbclid":"-","ko_click_id":"-","li_fat_id":"-","msclkid":"-","rdt_cid":"-","ttclid":"-","twclid":"-","wbraid":"-"}},"event_id":0,"library":"amplitude-ts/2.47.0","user_agent":"Mozilla/5.0 (Windows NT 10.0; Win64; x64) AppleWebKit/537.36 (KHTML, like Gecko) HeadlessChrome/148.0.0.0 Safari/537.36 Edg/148.0.0.0"} @ http://127.0.0.1:8765/assets/vendor/min/amplitude-2.47.0.min.js:0
[    1545ms] [LOG] Amplitude Logger [Log]: Timeline.apply: Final event before destinations, event: {"device_id":"a3119f6f-182d-4b98-9006-29ba42a5c879","session_id":1790273188387,"time":1790273188414,"platform":"Web","language":"en-US","ip":"$remote","insert_id":"04020d50-fc84-4407-9429-d9ca66cb028d","event_type":"$identify","user_properties":{"$setOnce":{"initial_utm_campaign":"EMPTY","initial_utm_content":"EMPTY","initial_utm_id":"EMPTY","initial_utm_medium":"EMPTY","initial_utm_source":"EMPTY","initial_utm_term":"EMPTY","initial_referrer":"EMPTY","initial_referring_domain":"EMPTY","initial_dclid":"EMPTY","initial_gbraid":"EMPTY","initial_gclid":"EMPTY","initial_fbclid":"EMPTY","initial_ko_click_id":"EMPTY","initial_li_fat_id":"EMPTY","initial_msclkid":"EMPTY","initial_rdt_cid":"EMPTY","initial_ttclid":"EMPTY","initial_twclid":"EMPTY","initial_wbraid":"EMPTY"},"$unset":{"utm_campaign":"-","utm_content":"-","utm_id":"-","utm_medium":"-","utm_source":"-","utm_term":"-","referrer":"-","referring_domain":"-","dclid":"-","gbraid":"-","gclid":"-","fbclid":"-","ko_click_id":"-","li_fat_id":"-","msclkid":"-","rdt_cid":"-","ttclid":"-","twclid":"-","wbraid":"-"}},"event_id":0,"library":"amplitude-ts/2.47.0","user_agent":"Mozilla/5.0 (Windows NT 10.0; Win64; x64) AppleWebKit/537.36 (KHTML, like Gecko) HeadlessChrome/148.0.0.0 Safari/537.36 Edg/148.0.0.0"} @ http://127.0.0.1:8765/assets/vendor/min/amplitude-2.47.0.min.js:0
[    1548ms] [LOG] Amplitude Logger [Log]: Timeline.apply: Initial event [object Object] @ http://127.0.0.1:8765/assets/vendor/min/amplitude-2.47.0.min.js:0
[    1549ms] [LOG] Amplitude Logger [Log]: Timeline.apply: Event after before plugin '@amplitude/plugin-context-browser', event: {"device_id":"a3119f6f-182d-4b98-9006-29ba42a5c879","session_id":1790273188387,"time":1790273188387,"platform":"Web","language":"en-US","ip":"$remote","insert_id":"3ae2c284-0c78-4f9c-9dbe-5d89931f2c0e","event_type":"session_start","event_id":1,"library":"amplitude-ts/2.47.0","user_agent":"Mozilla/5.0 (Windows NT 10.0; Win64; x64) AppleWebKit/537.36 (KHTML, like Gecko) HeadlessChrome/148.0.0.0 Safari/537.36 Edg/148.0.0.0"} @ http://127.0.0.1:8765/assets/vendor/min/amplitude-2.47.0.min.js:0
[    1549ms] [LOG] Amplitude Logger [Log]: Timeline.apply: Event after before plugin 'identity', event: {"device_id":"a3119f6f-182d-4b98-9006-29ba42a5c879","session_id":1790273188387,"time":1790273188387,"platform":"Web","language":"en-US","ip":"$remote","insert_id":"3ae2c284-0c78-4f9c-9dbe-5d89931f2c0e","event_type":"session_start","event_id":1,"library":"amplitude-ts/2.47.0","user_agent":"Mozilla/5.0 (Windows NT 10.0; Win64; x64) AppleWebKit/537.36 (KHTML, like Gecko) HeadlessChrome/148.0.0.0 Safari/537.36 Edg/148.0.0.0"} @ http://127.0.0.1:8765/assets/vendor/min/amplitude-2.47.0.min.js:0
[    1549ms] [LOG] Amplitude Logger [Log]: Timeline.apply: Event after enrichment plugin '@amplitude/plugin-file-download-tracking-browser', event: {"device_id":"a3119f6f-182d-4b98-9006-29ba42a5c879","session_id":1790273188387,"time":1790273188387,"platform":"Web","language":"en-US","ip":"$remote","insert_id":"3ae2c284-0c78-4f9c-9dbe-5d89931f2c0e","event_type":"session_start","event_id":1,"library":"amplitude-ts/2.47.0","user_agent":"Mozilla/5.0 (Windows NT 10.0; Win64; x64) AppleWebKit/537.36 (KHTML, like Gecko) HeadlessChrome/148.0.0.0 Safari/537.36 Edg/148.0.0.0"} @ http://127.0.0.1:8765/assets/vendor/min/amplitude-2.47.0.min.js:0
[    1549ms] [LOG] Amplitude Logger [Log]: Timeline.apply: Event after enrichment plugin '@amplitude/plugin-form-interaction-tracking-browser', event: {"device_id":"a3119f6f-182d-4b98-9006-29ba42a5c879","session_id":1790273188387,"time":1790273188387,"platform":"Web","language":"en-US","ip":"$remote","insert_id":"3ae2c284-0c78-4f9c-9dbe-5d89931f2c0e","event_type":"session_start","event_id":1,"library":"amplitude-ts/2.47.0","user_agent":"Mozilla/5.0 (Windows NT 10.0; Win64; x64) AppleWebKit/537.36 (KHTML, like Gecko) HeadlessChrome/148.0.0.0 Safari/537.36 Edg/148.0.0.0"} @ http://127.0.0.1:8765/assets/vendor/min/amplitude-2.47.0.min.js:0
[    1549ms] [LOG] Amplitude Logger [Log]: Timeline.apply: Event after enrichment plugin '@amplitude/plugin-page-view-tracking-browser', event: {"device_id":"a3119f6f-182d-4b98-9006-29ba42a5c879","session_id":1790273188387,"time":1790273188387,"platform":"Web","language":"en-US","ip":"$remote","insert_id":"3ae2c284-0c78-4f9c-9dbe-5d89931f2c0e","event_type":"session_start","event_id":1,"library":"amplitude-ts/2.47.0","user_agent":"Mozilla/5.0 (Windows NT 10.0; Win64; x64) AppleWebKit/537.36 (KHTML, like Gecko) HeadlessChrome/148.0.0.0 Safari/537.36 Edg/148.0.0.0"} @ http://127.0.0.1:8765/assets/vendor/min/amplitude-2.47.0.min.js:0
[    1549ms] [LOG] Amplitude Logger [Log]: Timeline.apply: Event after enrichment plugin '@amplitude/plugin-event-property-attribution-browser', event: {"device_id":"a3119f6f-182d-4b98-9006-29ba42a5c879","session_id":1790273188387,"time":1790273188387,"platform":"Web","language":"en-US","ip":"$remote","insert_id":"3ae2c284-0c78-4f9c-9dbe-5d89931f2c0e","event_type":"session_start","event_id":1,"library":"amplitude-ts/2.47.0","user_agent":"Mozilla/5.0 (Windows NT 10.0; Win64; x64) AppleWebKit/537.36 (KHTML, like Gecko) HeadlessChrome/148.0.0.0 Safari/537.36 Edg/148.0.0.0","event_properties":{}} @ http://127.0.0.1:8765/assets/vendor/min/amplitude-2.47.0.min.js:0
[    1549ms] [LOG] Amplitude Logger [Log]: Timeline.apply: Event after enrichment plugin '@amplitude/plugin-autocapture-browser', event: {"device_id":"a3119f6f-182d-4b98-9006-29ba42a5c879","session_id":1790273188387,"time":1790273188387,"platform":"Web","language":"en-US","ip":"$remote","insert_id":"3ae2c284-0c78-4f9c-9dbe-5d89931f2c0e","event_type":"session_start","event_id":1,"library":"amplitude-ts/2.47.0","user_agent":"Mozilla/5.0 (Windows NT 10.0; Win64; x64) AppleWebKit/537.36 (KHTML, like Gecko) HeadlessChrome/148.0.0.0 Safari/537.36 Edg/148.0.0.0","event_properties":{}} @ http://127.0.0.1:8765/assets/vendor/min/amplitude-2.47.0.min.js:0
[    1550ms] [LOG] Amplitude Logger [Log]: Timeline.apply: Event after enrichment plugin '@amplitude/plugin-frustration-browser', event: {"device_id":"a3119f6f-182d-4b98-9006-29ba42a5c879","session_id":1790273188387,"time":1790273188387,"platform":"Web","language":"en-US","ip":"$remote","insert_id":"3ae2c284-0c78-4f9c-9dbe-5d89931f2c0e","event_type":"session_start","event_id":1,"library":"amplitude-ts/2.47.0","user_agent":"Mozilla/5.0 (Windows NT 10.0; Win64; x64) AppleWebKit/537.36 (KHTML, like Gecko) HeadlessChrome/148.0.0.0 Safari/537.36 Edg/148.0.0.0","event_properties":{}} @ http://127.0.0.1:8765/assets/vendor/min/amplitude-2.47.0.min.js:0
[    1550ms] [LOG] Amplitude Logger [Log]: Timeline.apply: Event after enrichment plugin '@amplitude/plugin-network-capture-browser', event: {"device_id":"a3119f6f-182d-4b98-9006-29ba42a5c879","session_id":1790273188387,"time":1790273188387,"platform":"Web","language":"en-US","ip":"$remote","insert_id":"3ae2c284-0c78-4f9c-9dbe-5d89931f2c0e","event_type":"session_start","event_id":1,"library":"amplitude-ts/2.47.0","user_agent":"Mozilla/5.0 (Windows NT 10.0; Win64; x64) AppleWebKit/537.36 (KHTML, like Gecko) HeadlessChrome/148.0.0.0 Safari/537.36 Edg/148.0.0.0","event_properties":{}} @ http://127.0.0.1:8765/assets/vendor/min/amplitude-2.47.0.min.js:0
[    1550ms] [LOG] Amplitude Logger [Log]: Timeline.apply: Event after enrichment plugin 'web-vitals-browser', event: {"device_id":"a3119f6f-182d-4b98-9006-29ba42a5c879","session_id":1790273188387,"time":1790273188387,"platform":"Web","language":"en-US","ip":"$remote","insert_id":"3ae2c284-0c78-4f9c-9dbe-5d89931f2c0e","event_type":"session_start","event_id":1,"library":"amplitude-ts/2.47.0","user_agent":"Mozilla/5.0 (Windows NT 10.0; Win64; x64) AppleWebKit/537.36 (KHTML, like Gecko) HeadlessChrome/148.0.0.0 Safari/537.36 Edg/148.0.0.0","event_properties":{}} @ http://127.0.0.1:8765/assets/vendor/min/amplitude-2.47.0.min.js:0
[    1550ms] [LOG] Amplitude Logger [Log]: Timeline.apply: Event after enrichment plugin '@amplitude/plugin-page-url-enrichment-browser', event: {"device_id":"a3119f6f-182d-4b98-9006-29ba42a5c879","session_id":1790273188387,"time":1790273188387,"platform":"Web","language":"en-US","ip":"$remote","insert_id":"3ae2c284-0c78-4f9c-9dbe-5d89931f2c0e","event_type":"session_start","event_id":1,"library":"amplitude-ts/2.47.0","user_agent":"Mozilla/5.0 (Windows NT 10.0; Win64; x64) AppleWebKit/537.36 (KHTML, like Gecko) HeadlessChrome/148.0.0.0 Safari/537.36 Edg/148.0.0.0","event_properties":{"[Amplitude] Page Domain":"127.0.0.1","[Amplitude] Page Location":"http://127.0.0.1:8765/index.html","[Amplitude] Page Path":"/index.html","[Amplitude] Page Title":"Psychiatrist in Greater Noida | Mind Grace Clinic","[Amplitude] Page URL":"http://127.0.0.1:8765/index.html","[Amplitude] Previous Page Location":"","[Amplitude] Previous Page Type":"direct"}} @ http://127.0.0.1:8765/assets/vendor/min/amplitude-2.47.0.min.js:0
[    1551ms] [LOG] Amplitude Logger [Log]: Timeline.apply: Final event before destinations, event: {"device_id":"a3119f6f-182d-4b98-9006-29ba42a5c879","session_id":1790273188387,"time":1790273188387,"platform":"Web","language":"en-US","ip":"$remote","insert_id":"3ae2c284-0c78-4f9c-9dbe-5d89931f2c0e","event_type":"session_start","event_id":1,"library":"amplitude-ts/2.47.0","user_agent":"Mozilla/5.0 (Windows NT 10.0; Win64; x64) AppleWebKit/537.36 (KHTML, like Gecko) HeadlessChrome/148.0.0.0 Safari/537.36 Edg/148.0.0.0","event_properties":{"[Amplitude] Page Domain":"127.0.0.1","[Amplitude] Page Location":"http://127.0.0.1:8765/index.html","[Amplitude] Page Path":"/index.html","[Amplitude] Page Title":"Psychiatrist in Greater Noida | Mind Grace Clinic","[Amplitude] Page URL":"http://127.0.0.1:8765/index.html","[Amplitude] Previous Page Location":"","[Amplitude] Previous Page Type":"direct"}} @ http://127.0.0.1:8765/assets/vendor/min/amplitude-2.47.0.min.js:0
[    1554ms] [LOG] Amplitude Logger [Log]: Timeline.apply: Initial event [object Object] @ http://127.0.0.1:8765/assets/vendor/min/amplitude-2.47.0.min.js:0
[    1555ms] [LOG] Amplitude Logger [Log]: Timeline.apply: Event after before plugin '@amplitude/plugin-context-browser', event: {"device_id":"a3119f6f-182d-4b98-9006-29ba42a5c879","session_id":1790273188387,"time":1790273188428,"platform":"Web","language":"en-US","ip":"$remote","insert_id":"7d6ec031-d71c-40a5-9a58-54a8d37ca749","event_type":"[Amplitude] Page Viewed","event_properties":{"[Amplitude] Page Domain":"127.0.0.1","[Amplitude] Page Location":"http://127.0.0.1:8765/index.html","[Amplitude] Page Path":"/index.html","[Amplitude] Page Title":"Psychiatrist in Greater Noida | Mind Grace Clinic","[Amplitude] Page URL":"http://127.0.0.1:8765/index.html","[Amplitude] Page View ID":"96607944-5006-41bc-ad2e-e3a94133495e"},"event_id":2,"library":"amplitude-ts/2.47.0","user_agent":"Mozilla/5.0 (Windows NT 10.0; Win64; x64) AppleWebKit/537.36 (KHTML, like Gecko) HeadlessChrome/148.0.0.0 Safari/537.36 Edg/148.0.0.0"} @ http://127.0.0.1:8765/assets/vendor/min/amplitude-2.47.0.min.js:0
[    1555ms] [LOG] Amplitude Logger [Log]: Timeline.apply: Event after before plugin 'identity', event: {"device_id":"a3119f6f-182d-4b98-9006-29ba42a5c879","session_id":1790273188387,"time":1790273188428,"platform":"Web","language":"en-US","ip":"$remote","insert_id":"7d6ec031-d71c-40a5-9a58-54a8d37ca749","event_type":"[Amplitude] Page Viewed","event_properties":{"[Amplitude] Page Domain":"127.0.0.1","[Amplitude] Page Location":"http://127.0.0.1:8765/index.html","[Amplitude] Page Path":"/index.html","[Amplitude] Page Title":"Psychiatrist in Greater Noida | Mind Grace Clinic","[Amplitude] Page URL":"http://127.0.0.1:8765/index.html","[Amplitude] Page View ID":"96607944-5006-41bc-ad2e-e3a94133495e"},"event_id":2,"library":"amplitude-ts/2.47.0","user_agent":"Mozilla/5.0 (Windows NT 10.0; Win64; x64) AppleWebKit/537.36 (KHTML, like Gecko) HeadlessChrome/148.0.0.0 Safari/537.36 Edg/148.0.0.0"} @ http://127.0.0.1:8765/assets/vendor/min/amplitude-2.47.0.min.js:0
[    1555ms] [LOG] Amplitude Logger [Log]: Timeline.apply: Event after enrichment plugin '@amplitude/plugin-file-download-tracking-browser', event: {"device_id":"a3119f6f-182d-4b98-9006-29ba42a5c879","session_id":1790273188387,"time":1790273188428,"platform":"Web","language":"en-US","ip":"$remote","insert_id":"7d6ec031-d71c-40a5-9a58-54a8d37ca749","event_type":"[Amplitude] Page Viewed","event_properties":{"[Amplitude] Page Domain":"127.0.0.1","[Amplitude] Page Location":"http://127.0.0.1:8765/index.html","[Amplitude] Page Path":"/index.html","[Amplitude] Page Title":"Psychiatrist in Greater Noida | Mind Grace Clinic","[Amplitude] Page URL":"http://127.0.0.1:8765/index.html","[Amplitude] Page View ID":"96607944-5006-41bc-ad2e-e3a94133495e"},"event_id":2,"library":"amplitude-ts/2.47.0","user_agent":"Mozilla/5.0 (Windows NT 10.0; Win64; x64) AppleWebKit/537.36 (KHTML, like Gecko) HeadlessChrome/148.0.0.0 Safari/537.36 Edg/148.0.0.0"} @ http://127.0.0.1:8765/assets/vendor/min/amplitude-2.47.0.min.js:0
[    1555ms] [LOG] Amplitude Logger [Log]: Timeline.apply: Event after enrichment plugin '@amplitude/plugin-form-interaction-tracking-browser', event: {"device_id":"a3119f6f-182d-4b98-9006-29ba42a5c879","session_id":1790273188387,"time":1790273188428,"platform":"Web","language":"en-US","ip":"$remote","insert_id":"7d6ec031-d71c-40a5-9a58-54a8d37ca749","event_type":"[Amplitude] Page Viewed","event_properties":{"[Amplitude] Page Domain":"127.0.0.1","[Amplitude] Page Location":"http://127.0.0.1:8765/index.html","[Amplitude] Page Path":"/index.html","[Amplitude] Page Title":"Psychiatrist in Greater Noida | Mind Grace Clinic","[Amplitude] Page URL":"http://127.0.0.1:8765/index.html","[Amplitude] Page View ID":"96607944-5006-41bc-ad2e-e3a94133495e"},"event_id":2,"library":"amplitude-ts/2.47.0","user_agent":"Mozilla/5.0 (Windows NT 10.0; Win64; x64) AppleWebKit/537.36 (KHTML, like Gecko) HeadlessChrome/148.0.0.0 Safari/537.36 Edg/148.0.0.0"} @ http://127.0.0.1:8765/assets/vendor/min/amplitude-2.47.0.min.js:0
[    1556ms] [LOG] Amplitude Logger [Log]: Timeline.apply: Event after enrichment plugin '@amplitude/plugin-page-view-tracking-browser', event: {"device_id":"a3119f6f-182d-4b98-9006-29ba42a5c879","session_id":1790273188387,"time":1790273188428,"platform":"Web","language":"en-US","ip":"$remote","insert_id":"7d6ec031-d71c-40a5-9a58-54a8d37ca749","event_type":"[Amplitude] Page Viewed","event_properties":{"[Amplitude] Page Domain":"127.0.0.1","[Amplitude] Page Location":"http://127.0.0.1:8765/index.html","[Amplitude] Page Path":"/index.html","[Amplitude] Page Title":"Psychiatrist in Greater Noida | Mind Grace Clinic","[Amplitude] Page URL":"http://127.0.0.1:8765/index.html","[Amplitude] Page View ID":"96607944-5006-41bc-ad2e-e3a94133495e","[Amplitude] Page Counter":1},"event_id":2,"library":"amplitude-ts/2.47.0","user_agent":"Mozilla/5.0 (Windows NT 10.0; Win64; x64) AppleWebKit/537.36 (KHTML, like Gecko) HeadlessChrome/148.0.0.0 Safari/537.36 Edg/148.0.0.0"} @ http://127.0.0.1:8765/assets/vendor/min/amplitude-2.47.0.min.js:0
[    1556ms] [LOG] Amplitude Logger [Log]: Timeline.apply: Event after enrichment plugin '@amplitude/plugin-event-property-attribution-browser', event: {"device_id":"a3119f6f-182d-4b98-9006-29ba42a5c879","session_id":1790273188387,"time":1790273188428,"platform":"Web","language":"en-US","ip":"$remote","insert_id":"7d6ec031-d71c-40a5-9a58-54a8d37ca749","event_type":"[Amplitude] Page Viewed","event_properties":{"[Amplitude] Page Domain":"127.0.0.1","[Amplitude] Page Location":"http://127.0.0.1:8765/index.html","[Amplitude] Page Path":"/index.html","[Amplitude] Page Title":"Psychiatrist in Greater Noida | Mind Grace Clinic","[Amplitude] Page URL":"http://127.0.0.1:8765/index.html","[Amplitude] Page View ID":"96607944-5006-41bc-ad2e-e3a94133495e","[Amplitude] Page Counter":1},"event_id":2,"library":"amplitude-ts/2.47.0","user_agent":"Mozilla/5.0 (Windows NT 10.0; Win64; x64) AppleWebKit/537.36 (KHTML, like Gecko) HeadlessChrome/148.0.0.0 Safari/537.36 Edg/148.0.0.0"} @ http://127.0.0.1:8765/assets/vendor/min/amplitude-2.47.0.min.js:0
[    1556ms] [LOG] Amplitude Logger [Log]: Timeline.apply: Event after enrichment plugin '@amplitude/plugin-autocapture-browser', event: {"device_id":"a3119f6f-182d-4b98-9006-29ba42a5c879","session_id":1790273188387,"time":1790273188428,"platform":"Web","language":"en-US","ip":"$remote","insert_id":"7d6ec031-d71c-40a5-9a58-54a8d37ca749","event_type":"[Amplitude] Page Viewed","event_properties":{"[Amplitude] Page Domain":"127.0.0.1","[Amplitude] Page Location":"http://127.0.0.1:8765/index.html","[Amplitude] Page Path":"/index.html","[Amplitude] Page Title":"Psychiatrist in Greater Noida | Mind Grace Clinic","[Amplitude] Page URL":"http://127.0.0.1:8765/index.html","[Amplitude] Page View ID":"96607944-5006-41bc-ad2e-e3a94133495e","[Amplitude] Page Counter":1},"event_id":2,"library":"amplitude-ts/2.47.0","user_agent":"Mozilla/5.0 (Windows NT 10.0; Win64; x64) AppleWebKit/537.36 (KHTML, like Gecko) HeadlessChrome/148.0.0.0 Safari/537.36 Edg/148.0.0.0"} @ http://127.0.0.1:8765/assets/vendor/min/amplitude-2.47.0.min.js:0
[    1556ms] [LOG] Amplitude Logger [Log]: Timeline.apply: Event after enrichment plugin '@amplitude/plugin-frustration-browser', event: {"device_id":"a3119f6f-182d-4b98-9006-29ba42a5c879","session_id":1790273188387,"time":1790273188428,"platform":"Web","language":"en-US","ip":"$remote","insert_id":"7d6ec031-d71c-40a5-9a58-54a8d37ca749","event_type":"[Amplitude] Page Viewed","event_properties":{"[Amplitude] Page Domain":"127.0.0.1","[Amplitude] Page Location":"http://127.0.0.1:8765/index.html","[Amplitude] Page Path":"/index.html","[Amplitude] Page Title":"Psychiatrist in Greater Noida | Mind Grace Clinic","[Amplitude] Page URL":"http://127.0.0.1:8765/index.html","[Amplitude] Page View ID":"96607944-5006-41bc-ad2e-e3a94133495e","[Amplitude] Page Counter":1},"event_id":2,"library":"amplitude-ts/2.47.0","user_agent":"Mozilla/5.0 (Windows NT 10.0; Win64; x64) AppleWebKit/537.36 (KHTML, like Gecko) HeadlessChrome/148.0.0.0 Safari/537.36 Edg/148.0.0.0"} @ http://127.0.0.1:8765/assets/vendor/min/amplitude-2.47.0.min.js:0
[    1556ms] [LOG] Amplitude Logger [Log]: Timeline.apply: Event after enrichment plugin '@amplitude/plugin-network-capture-browser', event: {"device_id":"a3119f6f-182d-4b98-9006-29ba42a5c879","session_id":1790273188387,"time":1790273188428,"platform":"Web","language":"en-US","ip":"$remote","insert_id":"7d6ec031-d71c-40a5-9a58-54a8d37ca749","event_type":"[Amplitude] Page Viewed","event_properties":{"[Amplitude] Page Domain":"127.0.0.1","[Amplitude] Page Location":"http://127.0.0.1:8765/index.html","[Amplitude] Page Path":"/index.html","[Amplitude] Page Title":"Psychiatrist in Greater Noida | Mind Grace Clinic","[Amplitude] Page URL":"http://127.0.0.1:8765/index.html","[Amplitude] Page View ID":"96607944-5006-41bc-ad2e-e3a94133495e","[Amplitude] Page Counter":1},"event_id":2,"library":"amplitude-ts/2.47.0","user_agent":"Mozilla/5.0 (Windows NT 10.0; Win64; x64) AppleWebKit/537.36 (KHTML, like Gecko) HeadlessChrome/148.0.0.0 Safari/537.36 Edg/148.0.0.0"} @ http://127.0.0.1:8765/assets/vendor/min/amplitude-2.47.0.min.js:0
[    1556ms] [LOG] Amplitude Logger [Log]: Timeline.apply: Event after enrichment plugin 'web-vitals-browser', event: {"device_id":"a3119f6f-182d-4b98-9006-29ba42a5c879","session_id":1790273188387,"time":1790273188428,"platform":"Web","language":"en-US","ip":"$remote","insert_id":"7d6ec031-d71c-40a5-9a58-54a8d37ca749","event_type":"[Amplitude] Page Viewed","event_properties":{"[Amplitude] Page Domain":"127.0.0.1","[Amplitude] Page Location":"http://127.0.0.1:8765/index.html","[Amplitude] Page Path":"/index.html","[Amplitude] Page Title":"Psychiatrist in Greater Noida | Mind Grace Clinic","[Amplitude] Page URL":"http://127.0.0.1:8765/index.html","[Amplitude] Page View ID":"96607944-5006-41bc-ad2e-e3a94133495e","[Amplitude] Page Counter":1},"event_id":2,"library":"amplitude-ts/2.47.0","user_agent":"Mozilla/5.0 (Windows NT 10.0; Win64; x64) AppleWebKit/537.36 (KHTML, like Gecko) HeadlessChrome/148.0.0.0 Safari/537.36 Edg/148.0.0.0"} @ http://127.0.0.1:8765/assets/vendor/min/amplitude-2.47.0.min.js:0
[    1557ms] [LOG] Amplitude Logger [Log]: Timeline.apply: Event after enrichment plugin '@amplitude/plugin-page-url-enrichment-browser', event: {"device_id":"a3119f6f-182d-4b98-9006-29ba42a5c879","session_id":1790273188387,"time":1790273188428,"platform":"Web","language":"en-US","ip":"$remote","insert_id":"7d6ec031-d71c-40a5-9a58-54a8d37ca749","event_type":"[Amplitude] Page Viewed","event_properties":{"[Amplitude] Page Domain":"127.0.0.1","[Amplitude] Page Location":"http://127.0.0.1:8765/index.html","[Amplitude] Page Path":"/index.html","[Amplitude] Page Title":"Psychiatrist in Greater Noida | Mind Grace Clinic","[Amplitude] Page URL":"http://127.0.0.1:8765/index.html","[Amplitude] Page View ID":"96607944-5006-41bc-ad2e-e3a94133495e","[Amplitude] Page Counter":1,"[Amplitude] Previous Page Location":"","[Amplitude] Previous Page Type":"direct"},"event_id":2,"library":"amplitude-ts/2.47.0","user_agent":"Mozilla/5.0 (Windows NT 10.0; Win64; x64) AppleWebKit/537.36 (KHTML, like Gecko) HeadlessChrome/148.0.0.0 Safari/537.36 Edg/148.0.0.0"} @ http://127.0.0.1:8765/assets/vendor/min/amplitude-2.47.0.min.js:0
[    1557ms] [LOG] Amplitude Logger [Log]: Timeline.apply: Final event before destinations, event: {"device_id":"a3119f6f-182d-4b98-9006-29ba42a5c879","session_id":1790273188387,"time":1790273188428,"platform":"Web","language":"en-US","ip":"$remote","insert_id":"7d6ec031-d71c-40a5-9a58-54a8d37ca749","event_type":"[Amplitude] Page Viewed","event_properties":{"[Amplitude] Page Domain":"127.0.0.1","[Amplitude] Page Location":"http://127.0.0.1:8765/index.html","[Amplitude] Page Path":"/index.html","[Amplitude] Page Title":"Psychiatrist in Greater Noida | Mind Grace Clinic","[Amplitude] Page URL":"http://127.0.0.1:8765/index.html","[Amplitude] Page View ID":"96607944-5006-41bc-ad2e-e3a94133495e","[Amplitude] Page Counter":1,"[Amplitude] Previous Page Location":"","[Amplitude] Previous Page Type":"direct"},"event_id":2,"library":"amplitude-ts/2.47.0","user_agent":"Mozilla/5.0 (Windows NT 10.0; Win64; x64) AppleWebKit/537.36 (KHTML, like Gecko) HeadlessChrome/148.0.0.0 Safari/537.36 Edg/148.0.0.0"} @ http://127.0.0.1:8765/assets/vendor/min/amplitude-2.47.0.min.js:0
[    1557ms] [LOG] Amplitude Logger [Log]: Timeline.apply: Initial event [object Object] @ http://127.0.0.1:8765/assets/vendor/min/amplitude-2.47.0.min.js:0
[    1558ms] [LOG] Amplitude Logger [Log]: Timeline.apply: Event after before plugin '@amplitude/plugin-context-browser', event: {"device_id":"a3119f6f-182d-4b98-9006-29ba42a5c879","session_id":1790273188387,"time":1790273188431,"platform":"Web","language":"en-US","ip":"$remote","insert_id":"3d937266-c713-4c6a-b22a-2ceab2907dc2","event_type":"Viewed Home Page","event_properties":{"prompt_version":"BA400.4"},"event_id":3,"library":"amplitude-ts/2.47.0","user_agent":"Mozilla/5.0 (Windows NT 10.0; Win64; x64) AppleWebKit/537.36 (KHTML, like Gecko) HeadlessChrome/148.0.0.0 Safari/537.36 Edg/148.0.0.0"} @ http://127.0.0.1:8765/assets/vendor/min/amplitude-2.47.0.min.js:0
[    1558ms] [LOG] Amplitude Logger [Log]: Timeline.apply: Event after before plugin 'identity', event: {"device_id":"a3119f6f-182d-4b98-9006-29ba42a5c879","session_id":1790273188387,"time":1790273188431,"platform":"Web","language":"en-US","ip":"$remote","insert_id":"3d937266-c713-4c6a-b22a-2ceab2907dc2","event_type":"Viewed Home Page","event_properties":{"prompt_version":"BA400.4"},"event_id":3,"library":"amplitude-ts/2.47.0","user_agent":"Mozilla/5.0 (Windows NT 10.0; Win64; x64) AppleWebKit/537.36 (KHTML, like Gecko) HeadlessChrome/148.0.0.0 Safari/537.36 Edg/148.0.0.0"} @ http://127.0.0.1:8765/assets/vendor/min/amplitude-2.47.0.min.js:0
[    1558ms] [LOG] Amplitude Logger [Log]: Timeline.apply: Event after enrichment plugin '@amplitude/plugin-file-download-tracking-browser', event: {"device_id":"a3119f6f-182d-4b98-9006-29ba42a5c879","session_id":1790273188387,"time":1790273188431,"platform":"Web","language":"en-US","ip":"$remote","insert_id":"3d937266-c713-4c6a-b22a-2ceab2907dc2","event_type":"Viewed Home Page","event_properties":{"prompt_version":"BA400.4"},"event_id":3,"library":"amplitude-ts/2.47.0","user_agent":"Mozilla/5.0 (Windows NT 10.0; Win64; x64) AppleWebKit/537.36 (KHTML, like Gecko) HeadlessChrome/148.0.0.0 Safari/537.36 Edg/148.0.0.0"} @ http://127.0.0.1:8765/assets/vendor/min/amplitude-2.47.0.min.js:0
[    1558ms] [LOG] Amplitude Logger [Log]: Timeline.apply: Event after enrichment plugin '@amplitude/plugin-form-interaction-tracking-browser', event: {"device_id":"a3119f6f-182d-4b98-9006-29ba42a5c879","session_id":1790273188387,"time":1790273188431,"platform":"Web","language":"en-US","ip":"$remote","insert_id":"3d937266-c713-4c6a-b22a-2ceab2907dc2","event_type":"Viewed Home Page","event_properties":{"prompt_version":"BA400.4"},"event_id":3,"library":"amplitude-ts/2.47.0","user_agent":"Mozilla/5.0 (Windows NT 10.0; Win64; x64) AppleWebKit/537.36 (KHTML, like Gecko) HeadlessChrome/148.0.0.0 Safari/537.36 Edg/148.0.0.0"} @ http://127.0.0.1:8765/assets/vendor/min/amplitude-2.47.0.min.js:0
[    1559ms] [LOG] Amplitude Logger [Log]: Timeline.apply: Event after enrichment plugin '@amplitude/plugin-page-view-tracking-browser', event: {"device_id":"a3119f6f-182d-4b98-9006-29ba42a5c879","session_id":1790273188387,"time":1790273188431,"platform":"Web","language":"en-US","ip":"$remote","insert_id":"3d937266-c713-4c6a-b22a-2ceab2907dc2","event_type":"Viewed Home Page","event_properties":{"prompt_version":"BA400.4"},"event_id":3,"library":"amplitude-ts/2.47.0","user_agent":"Mozilla/5.0 (Windows NT 10.0; Win64; x64) AppleWebKit/537.36 (KHTML, like Gecko) HeadlessChrome/148.0.0.0 Safari/537.36 Edg/148.0.0.0"} @ http://127.0.0.1:8765/assets/vendor/min/amplitude-2.47.0.min.js:0
[    1559ms] [LOG] Amplitude Logger [Log]: Timeline.apply: Event after enrichment plugin '@amplitude/plugin-event-property-attribution-browser', event: {"device_id":"a3119f6f-182d-4b98-9006-29ba42a5c879","session_id":1790273188387,"time":1790273188431,"platform":"Web","language":"en-US","ip":"$remote","insert_id":"3d937266-c713-4c6a-b22a-2ceab2907dc2","event_type":"Viewed Home Page","event_properties":{"prompt_version":"BA400.4"},"event_id":3,"library":"amplitude-ts/2.47.0","user_agent":"Mozilla/5.0 (Windows NT 10.0; Win64; x64) AppleWebKit/537.36 (KHTML, like Gecko) HeadlessChrome/148.0.0.0 Safari/537.36 Edg/148.0.0.0"} @ http://127.0.0.1:8765/assets/vendor/min/amplitude-2.47.0.min.js:0
[    1559ms] [LOG] Amplitude Logger [Log]: Timeline.apply: Event after enrichment plugin '@amplitude/plugin-autocapture-browser', event: {"device_id":"a3119f6f-182d-4b98-9006-29ba42a5c879","session_id":1790273188387,"time":1790273188431,"platform":"Web","language":"en-US","ip":"$remote","insert_id":"3d937266-c713-4c6a-b22a-2ceab2907dc2","event_type":"Viewed Home Page","event_properties":{"prompt_version":"BA400.4"},"event_id":3,"library":"amplitude-ts/2.47.0","user_agent":"Mozilla/5.0 (Windows NT 10.0; Win64; x64) AppleWebKit/537.36 (KHTML, like Gecko) HeadlessChrome/148.0.0.0 Safari/537.36 Edg/148.0.0.0"} @ http://127.0.0.1:8765/assets/vendor/min/amplitude-2.47.0.min.js:0
[    1559ms] [LOG] Amplitude Logger [Log]: Timeline.apply: Event after enrichment plugin '@amplitude/plugin-frustration-browser', event: {"device_id":"a3119f6f-182d-4b98-9006-29ba42a5c879","session_id":1790273188387,"time":1790273188431,"platform":"Web","language":"en-US","ip":"$remote","insert_id":"3d937266-c713-4c6a-b22a-2ceab2907dc2","event_type":"Viewed Home Page","event_properties":{"prompt_version":"BA400.4"},"event_id":3,"library":"amplitude-ts/2.47.0","user_agent":"Mozilla/5.0 (Windows NT 10.0; Win64; x64) AppleWebKit/537.36 (KHTML, like Gecko) HeadlessChrome/148.0.0.0 Safari/537.36 Edg/148.0.0.0"} @ http://127.0.0.1:8765/assets/vendor/min/amplitude-2.47.0.min.js:0
[    1559ms] [LOG] Amplitude Logger [Log]: Timeline.apply: Event after enrichment plugin '@amplitude/plugin-network-capture-browser', event: {"device_id":"a3119f6f-182d-4b98-9006-29ba42a5c879","session_id":1790273188387,"time":1790273188431,"platform":"Web","language":"en-US","ip":"$remote","insert_id":"3d937266-c713-4c6a-b22a-2ceab2907dc2","event_type":"Viewed Home Page","event_properties":{"prompt_version":"BA400.4"},"event_id":3,"library":"amplitude-ts/2.47.0","user_agent":"Mozilla/5.0 (Windows NT 10.0; Win64; x64) AppleWebKit/537.36 (KHTML, like Gecko) HeadlessChrome/148.0.0.0 Safari/537.36 Edg/148.0.0.0"} @ http://127.0.0.1:8765/assets/vendor/min/amplitude-2.47.0.min.js:0
[    1559ms] [LOG] Amplitude Logger [Log]: Timeline.apply: Event after enrichment plugin 'web-vitals-browser', event: {"device_id":"a3119f6f-182d-4b98-9006-29ba42a5c879","session_id":1790273188387,"time":1790273188431,"platform":"Web","language":"en-US","ip":"$remote","insert_id":"3d937266-c713-4c6a-b22a-2ceab2907dc2","event_type":"Viewed Home Page","event_properties":{"prompt_version":"BA400.4"},"event_id":3,"library":"amplitude-ts/2.47.0","user_agent":"Mozilla/5.0 (Windows NT 10.0; Win64; x64) AppleWebKit/537.36 (KHTML, like Gecko) HeadlessChrome/148.0.0.0 Safari/537.36 Edg/148.0.0.0"} @ http://127.0.0.1:8765/assets/vendor/min/amplitude-2.47.0.min.js:0
[    1559ms] [LOG] Amplitude Logger [Log]: Timeline.apply: Event after enrichment plugin '@amplitude/plugin-page-url-enrichment-browser', event: {"device_id":"a3119f6f-182d-4b98-9006-29ba42a5c879","session_id":1790273188387,"time":1790273188431,"platform":"Web","language":"en-US","ip":"$remote","insert_id":"3d937266-c713-4c6a-b22a-2ceab2907dc2","event_type":"Viewed Home Page","event_properties":{"prompt_version":"BA400.4","[Amplitude] Page Domain":"127.0.0.1","[Amplitude] Page Location":"http://127.0.0.1:8765/index.html","[Amplitude] Page Path":"/index.html","[Amplitude] Page Title":"Psychiatrist in Greater Noida | Mind Grace Clinic","[Amplitude] Page URL":"http://127.0.0.1:8765/index.html","[Amplitude] Previous Page Location":"","[Amplitude] Previous Page Type":"direct"},"event_id":3,"library":"amplitude-ts/2.47.0","user_agent":"Mozilla/5.0 (Windows NT 10.0; Win64; x64) AppleWebKit/537.36 (KHTML, like Gecko) HeadlessChrome/148.0.0.0 Safari/537.36 Edg/148.0.0.0"} @ http://127.0.0.1:8765/assets/vendor/min/amplitude-2.47.0.min.js:0
[    1560ms] [LOG] Amplitude Logger [Log]: Timeline.apply: Final event before destinations, event: {"device_id":"a3119f6f-182d-4b98-9006-29ba42a5c879","session_id":1790273188387,"time":1790273188431,"platform":"Web","language":"en-US","ip":"$remote","insert_id":"3d937266-c713-4c6a-b22a-2ceab2907dc2","event_type":"Viewed Home Page","event_properties":{"prompt_version":"BA400.4","[Amplitude] Page Domain":"127.0.0.1","[Amplitude] Page Location":"http://127.0.0.1:8765/index.html","[Amplitude] Page Path":"/index.html","[Amplitude] Page Title":"Psychiatrist in Greater Noida | Mind Grace Clinic","[Amplitude] Page URL":"http://127.0.0.1:8765/index.html","[Amplitude] Previous Page Location":"","[Amplitude] Previous Page Type":"direct"},"event_id":3,"library":"amplitude-ts/2.47.0","user_agent":"Mozilla/5.0 (Windows NT 10.0; Win64; x64) AppleWebKit/537.36 (KHTML, like Gecko) HeadlessChrome/148.0.0.0 Safari/537.36 Edg/148.0.0.0"} @ http://127.0.0.1:8765/assets/vendor/min/amplitude-2.47.0.min.js:0
[    1683ms] [LOG] Amplitude Logger [Debug]: @amplitude/plugin-autocapture-browser: initial exposure snapshot — rescanning DOM @ http://127.0.0.1:8765/assets/vendor/min/amplitude-2.47.0.min.js:0
[    1888ms] [LOG] Amplitude Logger [Debug]: @amplitude/plugin-autocapture-browser: initial exposure snapshot — flushing viewport content updated @ http://127.0.0.1:8765/assets/vendor/min/amplitude-2.47.0.min.js:0
[    1888ms] [LOG] Amplitude Logger [Log]: Timeline.apply: Initial event [object Object] @ http://127.0.0.1:8765/assets/vendor/min/amplitude-2.47.0.min.js:0
[    1889ms] [LOG] Amplitude Logger [Log]: Timeline.apply: Event after before plugin '@amplitude/plugin-context-browser', event: {"device_id":"a3119f6f-182d-4b98-9006-29ba42a5c879","session_id":1790273188387,"time":1790273188762,"platform":"Web","language":"en-US","ip":"$remote","insert_id":"164643be-9c64-41db-99b9-2aeb5c390129","event_type":"[Amplitude] Viewport Content Updated","event_properties":{"[Amplitude] Page URL":"http://127.0.0.1:8765/index.html","[Amplitude] Max Page X":1280,"[Amplitude] Max Page Y":720,"[Amplitude] Viewport Height":720,"[Amplitude] Viewport Width":1280,"[Amplitude] Element Exposed":["html > body > aside > div > span:nth-child(2) > a","html > body > aside > div > a","html > body > header > div > a","html > body > header > div > nav > ul > li:nth-child(1) > a","html > body > header > div > nav > ul > li:nth-child(2) > a","html > body > header > div > nav > ul > li:nth-child(3) > a","html > body > header > div > nav > ul > li:nth-child(4) > a","html > body > header > div > nav > ul > li:nth-child(5) > a","html > body > header > div > nav > ul > li:nth-child(6) > a","html > body > header > div > nav > ul > li:nth-child(7) > a","html > body > header > div > nav > ul > li:nth-child(8) > a","button#mg-t-hindi-btn","button#mg-t-menu-btn","button#accessibility-toggle","button#theme-toggle"],"[Amplitude] Page View ID":"96607944-5006-41bc-ad2e-e3a94133495e"},"event_id":4,"library":"amplitude-ts/2.47.0","user_agent":"Mozilla/5.0 (Windows NT 10.0; Win64; x64) AppleWebKit/537.36 (KHTML, like Gecko) HeadlessChrome/148.0.0.0 Safari/537.36 Edg/148.0.0.0"} @ http://127.0.0.1:8765/assets/vendor/min/amplitude-2.47.0.min.js:0
[    1889ms] [LOG] Amplitude Logger [Log]: Timeline.apply: Event after before plugin 'identity', event: {"device_id":"a3119f6f-182d-4b98-9006-29ba42a5c879","session_id":1790273188387,"time":1790273188762,"platform":"Web","language":"en-US","ip":"$remote","insert_id":"164643be-9c64-41db-99b9-2aeb5c390129","event_type":"[Amplitude] Viewport Content Updated","event_properties":{"[Amplitude] Page URL":"http://127.0.0.1:8765/index.html","[Amplitude] Max Page X":1280,"[Amplitude] Max Page Y":720,"[Amplitude] Viewport Height":720,"[Amplitude] Viewport Width":1280,"[Amplitude] Element Exposed":["html > body > aside > div > span:nth-child(2) > a","html > body > aside > div > a","html > body > header > div > a","html > body > header > div > nav > ul > li:nth-child(1) > a","html > body > header > div > nav > ul > li:nth-child(2) > a","html > body > header > div > nav > ul > li:nth-child(3) > a","html > body > header > div > nav > ul > li:nth-child(4) > a","html > body > header > div > nav > ul > li:nth-child(5) > a","html > body > header > div > nav > ul > li:nth-child(6) > a","html > body > header > div > nav > ul > li:nth-child(7) > a","html > body > header > div > nav > ul > li:nth-child(8) > a","button#mg-t-hindi-btn","button#mg-t-menu-btn","button#accessibility-toggle","button#theme-toggle"],"[Amplitude] Page View ID":"96607944-5006-41bc-ad2e-e3a94133495e"},"event_id":4,"library":"amplitude-ts/2.47.0","user_agent":"Mozilla/5.0 (Windows NT 10.0; Win64; x64) AppleWebKit/537.36 (KHTML, like Gecko) HeadlessChrome/148.0.0.0 Safari/537.36 Edg/148.0.0.0"} @ http://127.0.0.1:8765/assets/vendor/min/amplitude-2.47.0.min.js:0
[    1889ms] [LOG] Amplitude Logger [Log]: Timeline.apply: Event after enrichment plugin '@amplitude/plugin-file-download-tracking-browser', event: {"device_id":"a3119f6f-182d-4b98-9006-29ba42a5c879","session_id":1790273188387,"time":1790273188762,"platform":"Web","language":"en-US","ip":"$remote","insert_id":"164643be-9c64-41db-99b9-2aeb5c390129","event_type":"[Amplitude] Viewport Content Updated","event_properties":{"[Amplitude] Page URL":"http://127.0.0.1:8765/index.html","[Amplitude] Max Page X":1280,"[Amplitude] Max Page Y":720,"[Amplitude] Viewport Height":720,"[Amplitude] Viewport Width":1280,"[Amplitude] Element Exposed":["html > body > aside > div > span:nth-child(2) > a","html > body > aside > div > a","html > body > header > div > a","html > body > header > div > nav > ul > li:nth-child(1) > a","html > body > header > div > nav > ul > li:nth-child(2) > a","html > body > header > div > nav > ul > li:nth-child(3) > a","html > body > header > div > nav > ul > li:nth-child(4) > a","html > body > header > div > nav > ul > li:nth-child(5) > a","html > body > header > div > nav > ul > li:nth-child(6) > a","html > body > header > div > nav > ul > li:nth-child(7) > a","html > body > header > div > nav > ul > li:nth-child(8) > a","button#mg-t-hindi-btn","button#mg-t-menu-btn","button#accessibility-toggle","button#theme-toggle"],"[Amplitude] Page View ID":"96607944-5006-41bc-ad2e-e3a94133495e"},"event_id":4,"library":"amplitude-ts/2.47.0","user_agent":"Mozilla/5.0 (Windows NT 10.0; Win64; x64) AppleWebKit/537.36 (KHTML, like Gecko) HeadlessChrome/148.0.0.0 Safari/537.36 Edg/148.0.0.0"} @ http://127.0.0.1:8765/assets/vendor/min/amplitude-2.47.0.min.js:0
[    1889ms] [LOG] Amplitude Logger [Log]: Timeline.apply: Event after enrichment plugin '@amplitude/plugin-form-interaction-tracking-browser', event: {"device_id":"a3119f6f-182d-4b98-9006-29ba42a5c879","session_id":1790273188387,"time":1790273188762,"platform":"Web","language":"en-US","ip":"$remote","insert_id":"164643be-9c64-41db-99b9-2aeb5c390129","event_type":"[Amplitude] Viewport Content Updated","event_properties":{"[Amplitude] Page URL":"http://127.0.0.1:8765/index.html","[Amplitude] Max Page X":1280,"[Amplitude] Max Page Y":720,"[Amplitude] Viewport Height":720,"[Amplitude] Viewport Width":1280,"[Amplitude] Element Exposed":["html > body > aside > div > span:nth-child(2) > a","html > body > aside > div > a","html > body > header > div > a","html > body > header > div > nav > ul > li:nth-child(1) > a","html > body > header > div > nav > ul > li:nth-child(2) > a","html > body > header > div > nav > ul > li:nth-child(3) > a","html > body > header > div > nav > ul > li:nth-child(4) > a","html > body > header > div > nav > ul > li:nth-child(5) > a","html > body > header > div > nav > ul > li:nth-child(6) > a","html > body > header > div > nav > ul > li:nth-child(7) > a","html > body > header > div > nav > ul > li:nth-child(8) > a","button#mg-t-hindi-btn","button#mg-t-menu-btn","button#accessibility-toggle","button#theme-toggle"],"[Amplitude] Page View ID":"96607944-5006-41bc-ad2e-e3a94133495e"},"event_id":4,"library":"amplitude-ts/2.47.0","user_agent":"Mozilla/5.0 (Windows NT 10.0; Win64; x64) AppleWebKit/537.36 (KHTML, like Gecko) HeadlessChrome/148.0.0.0 Safari/537.36 Edg/148.0.0.0"} @ http://127.0.0.1:8765/assets/vendor/min/amplitude-2.47.0.min.js:0
[    1889ms] [LOG] Amplitude Logger [Log]: Timeline.apply: Event after enrichment plugin '@amplitude/plugin-page-view-tracking-browser', event: {"device_id":"a3119f6f-182d-4b98-9006-29ba42a5c879","session_id":1790273188387,"time":1790273188762,"platform":"Web","language":"en-US","ip":"$remote","insert_id":"164643be-9c64-41db-99b9-2aeb5c390129","event_type":"[Amplitude] Viewport Content Updated","event_properties":{"[Amplitude] Page URL":"http://127.0.0.1:8765/index.html","[Amplitude] Max Page X":1280,"[Amplitude] Max Page Y":720,"[Amplitude] Viewport Height":720,"[Amplitude] Viewport Width":1280,"[Amplitude] Element Exposed":["html > body > aside > div > span:nth-child(2) > a","html > body > aside > div > a","html > body > header > div > a","html > body > header > div > nav > ul > li:nth-child(1) > a","html > body > header > div > nav > ul > li:nth-child(2) > a","html > body > header > div > nav > ul > li:nth-child(3) > a","html > body > header > div > nav > ul > li:nth-child(4) > a","html > body > header > div > nav > ul > li:nth-child(5) > a","html > body > header > div > nav > ul > li:nth-child(6) > a","html > body > header > div > nav > ul > li:nth-child(7) > a","html > body > header > div > nav > ul > li:nth-child(8) > a","button#mg-t-hindi-btn","button#mg-t-menu-btn","button#accessibility-toggle","button#theme-toggle"],"[Amplitude] Page View ID":"96607944-5006-41bc-ad2e-e3a94133495e"},"event_id":4,"library":"amplitude-ts/2.47.0","user_agent":"Mozilla/5.0 (Windows NT 10.0; Win64; x64) AppleWebKit/537.36 (KHTML, like Gecko) HeadlessChrome/148.0.0.0 Safari/537.36 Edg/148.0.0.0"} @ http://127.0.0.1:8765/assets/vendor/min/amplitude-2.47.0.min.js:0
[    1889ms] [LOG] Amplitude Logger [Log]: Timeline.apply: Event after enrichment plugin '@amplitude/plugin-event-property-attribution-browser', event: {"device_id":"a3119f6f-182d-4b98-9006-29ba42a5c879","session_id":1790273188387,"time":1790273188762,"platform":"Web","language":"en-US","ip":"$remote","insert_id":"164643be-9c64-41db-99b9-2aeb5c390129","event_type":"[Amplitude] Viewport Content Updated","event_properties":{"[Amplitude] Page URL":"http://127.0.0.1:8765/index.html","[Amplitude] Max Page X":1280,"[Amplitude] Max Page Y":720,"[Amplitude] Viewport Height":720,"[Amplitude] Viewport Width":1280,"[Amplitude] Element Exposed":["html > body > aside > div > span:nth-child(2) > a","html > body > aside > div > a","html > body > header > div > a","html > body > header > div > nav > ul > li:nth-child(1) > a","html > body > header > div > nav > ul > li:nth-child(2) > a","html > body > header > div > nav > ul > li:nth-child(3) > a","html > body > header > div > nav > ul > li:nth-child(4) > a","html > body > header > div > nav > ul > li:nth-child(5) > a","html > body > header > div > nav > ul > li:nth-child(6) > a","html > body > header > div > nav > ul > li:nth-child(7) > a","html > body > header > div > nav > ul > li:nth-child(8) > a","button#mg-t-hindi-btn","button#mg-t-menu-btn","button#accessibility-toggle","button#theme-toggle"],"[Amplitude] Page View ID":"96607944-5006-41bc-ad2e-e3a94133495e"},"event_id":4,"library":"amplitude-ts/2.47.0","user_agent":"Mozilla/5.0 (Windows NT 10.0; Win64; x64) AppleWebKit/537.36 (KHTML, like Gecko) HeadlessChrome/148.0.0.0 Safari/537.36 Edg/148.0.0.0"} @ http://127.0.0.1:8765/assets/vendor/min/amplitude-2.47.0.min.js:0
[    1890ms] [LOG] Amplitude Logger [Log]: Timeline.apply: Event after enrichment plugin '@amplitude/plugin-autocapture-browser', event: {"device_id":"a3119f6f-182d-4b98-9006-29ba42a5c879","session_id":1790273188387,"time":1790273188762,"platform":"Web","language":"en-US","ip":"$remote","insert_id":"164643be-9c64-41db-99b9-2aeb5c390129","event_type":"[Amplitude] Viewport Content Updated","event_properties":{"[Amplitude] Page URL":"http://127.0.0.1:8765/index.html","[Amplitude] Max Page X":1280,"[Amplitude] Max Page Y":720,"[Amplitude] Viewport Height":720,"[Amplitude] Viewport Width":1280,"[Amplitude] Element Exposed":["html > body > aside > div > span:nth-child(2) > a","html > body > aside > div > a","html > body > header > div > a","html > body > header > div > nav > ul > li:nth-child(1) > a","html > body > header > div > nav > ul > li:nth-child(2) > a","html > body > header > div > nav > ul > li:nth-child(3) > a","html > body > header > div > nav > ul > li:nth-child(4) > a","html > body > header > div > nav > ul > li:nth-child(5) > a","html > body > header > div > nav > ul > li:nth-child(6) > a","html > body > header > div > nav > ul > li:nth-child(7) > a","html > body > header > div > nav > ul > li:nth-child(8) > a","button#mg-t-hindi-btn","button#mg-t-menu-btn","button#accessibility-toggle","button#theme-toggle"],"[Amplitude] Page View ID":"96607944-5006-41bc-ad2e-e3a94133495e"},"event_id":4,"library":"amplitude-ts/2.47.0","user_agent":"Mozilla/5.0 (Windows NT 10.0; Win64; x64) AppleWebKit/537.36 (KHTML, like Gecko) HeadlessChrome/148.0.0.0 Safari/537.36 Edg/148.0.0.0"} @ http://127.0.0.1:8765/assets/vendor/min/amplitude-2.47.0.min.js:0
[    1890ms] [LOG] Amplitude Logger [Log]: Timeline.apply: Event after enrichment plugin '@amplitude/plugin-frustration-browser', event: {"device_id":"a3119f6f-182d-4b98-9006-29ba42a5c879","session_id":1790273188387,"time":1790273188762,"platform":"Web","language":"en-US","ip":"$remote","insert_id":"164643be-9c64-41db-99b9-2aeb5c390129","event_type":"[Amplitude] Viewport Content Updated","event_properties":{"[Amplitude] Page URL":"http://127.0.0.1:8765/index.html","[Amplitude] Max Page X":1280,"[Amplitude] Max Page Y":720,"[Amplitude] Viewport Height":720,"[Amplitude] Viewport Width":1280,"[Amplitude] Element Exposed":["html > body > aside > div > span:nth-child(2) > a","html > body > aside > div > a","html > body > header > div > a","html > body > header > div > nav > ul > li:nth-child(1) > a","html > body > header > div > nav > ul > li:nth-child(2) > a","html > body > header > div > nav > ul > li:nth-child(3) > a","html > body > header > div > nav > ul > li:nth-child(4) > a","html > body > header > div > nav > ul > li:nth-child(5) > a","html > body > header > div > nav > ul > li:nth-child(6) > a","html > body > header > div > nav > ul > li:nth-child(7) > a","html > body > header > div > nav > ul > li:nth-child(8) > a","button#mg-t-hindi-btn","button#mg-t-menu-btn","button#accessibility-toggle","button#theme-toggle"],"[Amplitude] Page View ID":"96607944-5006-41bc-ad2e-e3a94133495e"},"event_id":4,"library":"amplitude-ts/2.47.0","user_agent":"Mozilla/5.0 (Windows NT 10.0; Win64; x64) AppleWebKit/537.36 (KHTML, like Gecko) HeadlessChrome/148.0.0.0 Safari/537.36 Edg/148.0.0.0"} @ http://127.0.0.1:8765/assets/vendor/min/amplitude-2.47.0.min.js:0
[    1890ms] [LOG] Amplitude Logger [Log]: Timeline.apply: Event after enrichment plugin '@amplitude/plugin-network-capture-browser', event: {"device_id":"a3119f6f-182d-4b98-9006-29ba42a5c879","session_id":1790273188387,"time":1790273188762,"platform":"Web","language":"en-US","ip":"$remote","insert_id":"164643be-9c64-41db-99b9-2aeb5c390129","event_type":"[Amplitude] Viewport Content Updated","event_properties":{"[Amplitude] Page URL":"http://127.0.0.1:8765/index.html","[Amplitude] Max Page X":1280,"[Amplitude] Max Page Y":720,"[Amplitude] Viewport Height":720,"[Amplitude] Viewport Width":1280,"[Amplitude] Element Exposed":["html > body > aside > div > span:nth-child(2) > a","html > body > aside > div > a","html > body > header > div > a","html > body > header > div > nav > ul > li:nth-child(1) > a","html > body > header > div > nav > ul > li:nth-child(2) > a","html > body > header > div > nav > ul > li:nth-child(3) > a","html > body > header > div > nav > ul > li:nth-child(4) > a","html > body > header > div > nav > ul > li:nth-child(5) > a","html > body > header > div > nav > ul > li:nth-child(6) > a","html > body > header > div > nav > ul > li:nth-child(7) > a","html > body > header > div > nav > ul > li:nth-child(8) > a","button#mg-t-hindi-btn","button#mg-t-menu-btn","button#accessibility-toggle","button#theme-toggle"],"[Amplitude] Page View ID":"96607944-5006-41bc-ad2e-e3a94133495e"},"event_id":4,"library":"amplitude-ts/2.47.0","user_agent":"Mozilla/5.0 (Windows NT 10.0; Win64; x64) AppleWebKit/537.36 (KHTML, like Gecko) HeadlessChrome/148.0.0.0 Safari/537.36 Edg/148.0.0.0"} @ http://127.0.0.1:8765/assets/vendor/min/amplitude-2.47.0.min.js:0
[    1890ms] [LOG] Amplitude Logger [Log]: Timeline.apply: Event after enrichment plugin 'web-vitals-browser', event: {"device_id":"a3119f6f-182d-4b98-9006-29ba42a5c879","session_id":1790273188387,"time":1790273188762,"platform":"Web","language":"en-US","ip":"$remote","insert_id":"164643be-9c64-41db-99b9-2aeb5c390129","event_type":"[Amplitude] Viewport Content Updated","event_properties":{"[Amplitude] Page URL":"http://127.0.0.1:8765/index.html","[Amplitude] Max Page X":1280,"[Amplitude] Max Page Y":720,"[Amplitude] Viewport Height":720,"[Amplitude] Viewport Width":1280,"[Amplitude] Element Exposed":["html > body > aside > div > span:nth-child(2) > a","html > body > aside > div > a","html > body > header > div > a","html > body > header > div > nav > ul > li:nth-child(1) > a","html > body > header > div > nav > ul > li:nth-child(2) > a","html > body > header > div > nav > ul > li:nth-child(3) > a","html > body > header > div > nav > ul > li:nth-child(4) > a","html > body > header > div > nav > ul > li:nth-child(5) > a","html > body > header > div > nav > ul > li:nth-child(6) > a","html > body > header > div > nav > ul > li:nth-child(7) > a","html > body > header > div > nav > ul > li:nth-child(8) > a","button#mg-t-hindi-btn","button#mg-t-menu-btn","button#accessibility-toggle","button#theme-toggle"],"[Amplitude] Page View ID":"96607944-5006-41bc-ad2e-e3a94133495e"},"event_id":4,"library":"amplitude-ts/2.47.0","user_agent":"Mozilla/5.0 (Windows NT 10.0; Win64; x64) AppleWebKit/537.36 (KHTML, like Gecko) HeadlessChrome/148.0.0.0 Safari/537.36 Edg/148.0.0.0"} @ http://127.0.0.1:8765/assets/vendor/min/amplitude-2.47.0.min.js:0
[    1890ms] [LOG] Amplitude Logger [Log]: Timeline.apply: Event after enrichment plugin '@amplitude/plugin-page-url-enrichment-browser', event: {"device_id":"a3119f6f-182d-4b98-9006-29ba42a5c879","session_id":1790273188387,"time":1790273188762,"platform":"Web","language":"en-US","ip":"$remote","insert_id":"164643be-9c64-41db-99b9-2aeb5c390129","event_type":"[Amplitude] Viewport Content Updated","event_properties":{"[Amplitude] Page URL":"http://127.0.0.1:8765/index.html","[Amplitude] Max Page X":1280,"[Amplitude] Max Page Y":720,"[Amplitude] Viewport Height":720,"[Amplitude] Viewport Width":1280,"[Amplitude] Element Exposed":["html > body > aside > div > span:nth-child(2) > a","html > body > aside > div > a","html > body > header > div > a","html > body > header > div > nav > ul > li:nth-child(1) > a","html > body > header > div > nav > ul > li:nth-child(2) > a","html > body > header > div > nav > ul > li:nth-child(3) > a","html > body > header > div > nav > ul > li:nth-child(4) > a","html > body > header > div > nav > ul > li:nth-child(5) > a","html > body > header > div > nav > ul > li:nth-child(6) > a","html > body > header > div > nav > ul > li:nth-child(7) > a","html > body > header > div > nav > ul > li:nth-child(8) > a","button#mg-t-hindi-btn","button#mg-t-menu-btn","button#accessibility-toggle","button#theme-toggle"],"[Amplitude] Page View ID":"96607944-5006-41bc-ad2e-e3a94133495e","[Amplitude] Page Domain":"127.0.0.1","[Amplitude] Page Location":"http://127.0.0.1:8765/index.html","[Amplitude] Page Path":"/index.html","[Amplitude] Page Title":"Psychiatrist in Greater Noida | Mind Grace Clinic","[Amplitude] Previous Page Location":"","[Amplitude] Previous Page Type":"direct"},"event_id":4,"library":"amplitude-ts/2.47.0","user_agent":"Mozilla/5.0 (Windows NT 10.0; Win64; x64) AppleWebKit/537.36 (KHTML, like Gecko) HeadlessChrome/148.0.0.0 Safari/537.36 Edg/148.0.0.0"} @ http://127.0.0.1:8765/assets/vendor/min/amplitude-2.47.0.min.js:0
[    1891ms] [LOG] Amplitude Logger [Log]: Timeline.apply: Final event before destinations, event: {"device_id":"a3119f6f-182d-4b98-9006-29ba42a5c879","session_id":1790273188387,"time":1790273188762,"platform":"Web","language":"en-US","ip":"$remote","insert_id":"164643be-9c64-41db-99b9-2aeb5c390129","event_type":"[Amplitude] Viewport Content Updated","event_properties":{"[Amplitude] Page URL":"http://127.0.0.1:8765/index.html","[Amplitude] Max Page X":1280,"[Amplitude] Max Page Y":720,"[Amplitude] Viewport Height":720,"[Amplitude] Viewport Width":1280,"[Amplitude] Element Exposed":["html > body > aside > div > span:nth-child(2) > a","html > body > aside > div > a","html > body > header > div > a","html > body > header > div > nav > ul > li:nth-child(1) > a","html > body > header > div > nav > ul > li:nth-child(2) > a","html > body > header > div > nav > ul > li:nth-child(3) > a","html > body > header > div > nav > ul > li:nth-child(4) > a","html > body > header > div > nav > ul > li:nth-child(5) > a","html > body > header > div > nav > ul > li:nth-child(6) > a","html > body > header > div > nav > ul > li:nth-child(7) > a","html > body > header > div > nav > ul > li:nth-child(8) > a","button#mg-t-hindi-btn","button#mg-t-menu-btn","button#accessibility-toggle","button#theme-toggle"],"[Amplitude] Page View ID":"96607944-5006-41bc-ad2e-e3a94133495e","[Amplitude] Page Domain":"127.0.0.1","[Amplitude] Page Location":"http://127.0.0.1:8765/index.html","[Amplitude] Page Path":"/index.html","[Amplitude] Page Title":"Psychiatrist in Greater Noida | Mind Grace Clinic","[Amplitude] Previous Page Location":"","[Amplitude] Previous Page Type":"direct"},"event_id":4,"library":"amplitude-ts/2.47.0","user_agent":"Mozilla/5.0 (Windows NT 10.0; Win64; x64) AppleWebKit/537.36 (KHTML, like Gecko) HeadlessChrome/148.0.0.0 Safari/537.36 Edg/148.0.0.0"} @ http://127.0.0.1:8765/assets/vendor/min/amplitude-2.47.0.min.js:0
[    3831ms] [LOG] Amplitude Logger [Log]: Event tracked successfully @ http://127.0.0.1:8765/assets/vendor/min/amplitude-2.47.0.min.js:0
[    3831ms] [LOG] Amplitude Logger [Log]: Event tracked successfully @ http://127.0.0.1:8765/assets/vendor/min/amplitude-2.47.0.min.js:0
[    3831ms] [LOG] Amplitude Logger [Log]: Event tracked successfully @ http://127.0.0.1:8765/assets/vendor/min/amplitude-2.47.0.min.js:0
[    3831ms] [LOG] Amplitude Logger [Log]: Event tracked successfully @ http://127.0.0.1:8765/assets/vendor/min/amplitude-2.47.0.min.js:0
[    3831ms] [LOG] Amplitude Logger [Log]: Event tracked successfully @ http://127.0.0.1:8765/assets/vendor/min/amplitude-2.47.0.min.js:0
[    5728ms] [WARNING] Zaraz not available after waiting. Tracking events will be queued. @ http://127.0.0.1:8765/assets/js/min/zaraz-tracking.min.js:0
[    5729ms] [WARNING] Zaraz not available after waiting. Tracking events will be queued. @ http://127.0.0.1:8765/assets/js/min/zaraz-tracking.min.js:0
[    5729ms] [WARNING] Zaraz not available after waiting. Tracking events will be queued. @ http://127.0.0.1:8765/assets/js/min/zaraz-tracking.min.js:0
[    5729ms] [WARNING] Zaraz not available after waiting. Tracking events will be queued. @ http://127.0.0.1:8765/assets/js/min/zaraz-tracking.min.js:0
[    5730ms] [WARNING] Zaraz not available after waiting. Tracking events will be queued. @ http://127.0.0.1:8765/assets/js/min/zaraz-tracking.min.js:0
[    5730ms] [WARNING] Zaraz not available after waiting. Tracking events will be queued. @ http://127.0.0.1:8765/assets/js/min/zaraz-tracking.min.js:0
[    5730ms] [WARNING] Zaraz not available after waiting. Tracking events will be queued. @ http://127.0.0.1:8765/assets/js/min/zaraz-tracking.min.js:0
[    5730ms] [WARNING] Zaraz not available after waiting. Tracking events will be queued. @ http://127.0.0.1:8765/assets/js/min/zaraz-tracking.min.js:0
