[     229ms] [WARNING] Ignoring Event: localhost @ https://analytics.ahrefs.com/analytics.js:0
[    1224ms] [LOG] Zaraz tracking initialized for Mind Grace Clinic @ http://127.0.0.1:4321/assets/js/min/zaraz-tracking.min.js:0
[    2249ms] [LOG] Amplitude Logger [Debug]: Remote config localstorage gets null because the key does not exist @ http://127.0.0.1:4321/assets/vendor/min/amplitude-2.47.0.min.js:0
[    2251ms] [LOG] Amplitude Logger [Debug]: Remote config client subscription all mode fetched from cache: {"remoteConfig":null,"lastFetch":"2026-09-29T17:38:01.220Z"} @ http://127.0.0.1:4321/assets/vendor/min/amplitude-2.47.0.min.js:0
[    2251ms] [LOG] Amplitude Logger [Debug]: Remote config client skips sending callback because cache is empty (first time user). @ http://127.0.0.1:4321/assets/vendor/min/amplitude-2.47.0.min.js:0
[    3061ms] [LOG] Amplitude Logger [Debug]: Remote config client subscription all mode fetched from remote: {"remoteConfig":{"configs":{"diagnostics":{"browserSDK":{"sampleRate":0.02}},"sessionReplay":{},"analyticsSDK":{"browserSDK":{"autocapture":{"sessions":true,"networkTracking":{"captureRules":[{"responseBody":{"allowlist":[],"excludelist":[]},"requestHeaders":{"allowlist":[],"captureSafeHeaders":true},"responseHeaders":{"allowlist":[],"captureSafeHeaders":true},"statusCodeRange":"500-599","requestBody":{"allowlist":[],"excludelist":[]},"hosts":["*"]}],"ignoreAmplitudeRequests":true,"enabled":true},"frustrationInteractions":{"deadClick":{"enabled":true,"cssSelectorAllowlist":["input[type=\"button\"]","input[type=\"submit\"]","input[type=\"reset\"]","input[type=\"image\"]","input[type=\"file\"]","a","button","[role=\"button\"]","[role=\"link\"]","[role=\"menuitem\"]","[role=\"menuitemcheckbox\"]","[role=\"menuitemradio\"]","[role=\"option\"]","[role=\"tab\"]","[role=\"treeitem\"]","[contenteditable=\"true\" i]"]},"rageClick":{"enabled":true,"cssSelectorAllowlist":["*"]},"thrashedCursor":{"enabled":true},"errorClicks":{"enabled":true,"cssSelectorAllowlist":["input[type=\"button\"]","input[type=\"submit\"]","input[type=\"reset\"]","input[type=\"image\"]","input[type=\"file\"]","a","button","[role=\"button\"]","[role=\"link\"]","[role=\"menuitem\"]","[role=\"menuitemcheckbox\"]","[role=\"menuitemradio\"]","[role=\"option\"]","[role=\"tab\"]","[role=\"treeitem\"]","[contenteditable=\"true\" i]"]},"enabled":true},"pageViews":true,"elementInteractions":{"pageUrlAllowlistRegex":[],"actionClickAllowlist":["div","span","h1","h2","h3","h4","h5","h6"],"viewportContentUpdated":{"enabled":true,"exposureDuration":150},"pageUrlAllowlist":["https://mindgracencr.in"],"cssSelectorAllowlist":["a","button","input","select","textarea","label","video","audio","[contenteditable=\"true\" i]","[data-amp-default-track]",".amp-default-track"],"dataAttributePrefix":"data-amp-track-"},"fileDownloads":true,"webVitals":{"enabled":true},"formInteractions":true}}}}},"lastFetch":"2026-09-29T17:38:02.031Z"} @ http://127.0.0.1:4321/assets/vendor/min/amplitude-2.47.0.min.js:0
[    3062ms] [LOG] Amplitude Logger [Debug]: Diagnostics remote configuration received: {
  "remoteConfig": {
    "sampleRate": 0.02
  },
  "source": "remote",
  "lastFetch": "2026-09-29T17:38:02.031Z"
} @ http://127.0.0.1:4321/assets/vendor/min/amplitude-2.47.0.min.js:0
[    3062ms] [LOG] Amplitude Logger [Debug]: Remote config localstorage set successfully. @ http://127.0.0.1:4321/assets/vendor/min/amplitude-2.47.0.min.js:0
[    3064ms] [LOG] Amplitude Logger [Debug]: DiagnosticsClient: Initializing with options {
  "enabled": true,
  "sampleRate": 0.02
} @ http://127.0.0.1:4321/assets/vendor/min/amplitude-2.47.0.min.js:0
[    3109ms] [LOG] Amplitude Logger [Debug]: Remote config localstorage parsed successfully: {"remoteConfig":{"configs":{"diagnostics":{"browserSDK":{"sampleRate":0.02}},"sessionReplay":{},"analyticsSDK":{"browserSDK":{"autocapture":{"sessions":true,"networkTracking":{"captureRules":[{"responseBody":{"allowlist":[],"excludelist":[]},"requestHeaders":{"allowlist":[],"captureSafeHeaders":true},"responseHeaders":{"allowlist":[],"captureSafeHeaders":true},"statusCodeRange":"500-599","requestBody":{"allowlist":[],"excludelist":[]},"hosts":["*"]}],"ignoreAmplitudeRequests":true,"enabled":true},"frustrationInteractions":{"deadClick":{"enabled":true,"cssSelectorAllowlist":["input[type=\"button\"]","input[type=\"submit\"]","input[type=\"reset\"]","input[type=\"image\"]","input[type=\"file\"]","a","button","[role=\"button\"]","[role=\"link\"]","[role=\"menuitem\"]","[role=\"menuitemcheckbox\"]","[role=\"menuitemradio\"]","[role=\"option\"]","[role=\"tab\"]","[role=\"treeitem\"]","[contenteditable=\"true\" i]"]},"rageClick":{"enabled":true,"cssSelectorAllowlist":["*"]},"thrashedCursor":{"enabled":true},"errorClicks":{"enabled":true,"cssSelectorAllowlist":["input[type=\"button\"]","input[type=\"submit\"]","input[type=\"reset\"]","input[type=\"image\"]","input[type=\"file\"]","a","button","[role=\"button\"]","[role=\"link\"]","[role=\"menuitem\"]","[role=\"menuitemcheckbox\"]","[role=\"menuitemradio\"]","[role=\"option\"]","[role=\"tab\"]","[role=\"treeitem\"]","[contenteditable=\"true\" i]"]},"enabled":true},"pageViews":true,"elementInteractions":{"pageUrlAllowlistRegex":[],"actionClickAllowlist":["div","span","h1","h2","h3","h4","h5","h6"],"viewportContentUpdated":{"enabled":true,"exposureDuration":150},"pageUrlAllowlist":["https://mindgracencr.in"],"cssSelectorAllowlist":["a","button","input","select","textarea","label","video","audio","[contenteditable=\"true\" i]","[data-amp-default-track]",".amp-default-track"],"dataAttributePrefix":"data-amp-track-"},"fileDownloads":true,"webVitals":{"enabled":true},"formInteractions":true}}}}},"lastFetch":"2026-09-29T17:38:02.031Z"} @ http://127.0.0.1:4321/assets/vendor/min/amplitude-2.47.0.min.js:0
[    3110ms] [LOG] Amplitude Logger [Debug]: Remote config client subscription all mode fetched from cache: {"remoteConfig":{"configs":{"diagnostics":{"browserSDK":{"sampleRate":0.02}},"sessionReplay":{},"analyticsSDK":{"browserSDK":{"autocapture":{"sessions":true,"networkTracking":{"captureRules":[{"responseBody":{"allowlist":[],"excludelist":[]},"requestHeaders":{"allowlist":[],"captureSafeHeaders":true},"responseHeaders":{"allowlist":[],"captureSafeHeaders":true},"statusCodeRange":"500-599","requestBody":{"allowlist":[],"excludelist":[]},"hosts":["*"]}],"ignoreAmplitudeRequests":true,"enabled":true},"frustrationInteractions":{"deadClick":{"enabled":true,"cssSelectorAllowlist":["input[type=\"button\"]","input[type=\"submit\"]","input[type=\"reset\"]","input[type=\"image\"]","input[type=\"file\"]","a","button","[role=\"button\"]","[role=\"link\"]","[role=\"menuitem\"]","[role=\"menuitemcheckbox\"]","[role=\"menuitemradio\"]","[role=\"option\"]","[role=\"tab\"]","[role=\"treeitem\"]","[contenteditable=\"true\" i]"]},"rageClick":{"enabled":true,"cssSelectorAllowlist":["*"]},"thrashedCursor":{"enabled":true},"errorClicks":{"enabled":true,"cssSelectorAllowlist":["input[type=\"button\"]","input[type=\"submit\"]","input[type=\"reset\"]","input[type=\"image\"]","input[type=\"file\"]","a","button","[role=\"button\"]","[role=\"link\"]","[role=\"menuitem\"]","[role=\"menuitemcheckbox\"]","[role=\"menuitemradio\"]","[role=\"option\"]","[role=\"tab\"]","[role=\"treeitem\"]","[contenteditable=\"true\" i]"]},"enabled":true},"pageViews":true,"elementInteractions":{"pageUrlAllowlistRegex":[],"actionClickAllowlist":["div","span","h1","h2","h3","h4","h5","h6"],"viewportContentUpdated":{"enabled":true,"exposureDuration":150},"pageUrlAllowlist":["https://mindgracencr.in"],"cssSelectorAllowlist":["a","button","input","select","textarea","label","video","audio","[contenteditable=\"true\" i]","[data-amp-default-track]",".amp-default-track"],"dataAttributePrefix":"data-amp-track-"},"fileDownloads":true,"webVitals":{"enabled":true},"formInteractions":true}}}}},"lastFetch":"2026-09-29T17:38:02.031Z"} @ http://127.0.0.1:4321/assets/vendor/min/amplitude-2.47.0.min.js:0
[    3111ms] [LOG] Amplitude Logger [Debug]: Remote configuration received: {
  "remoteConfig": {
    "autocapture": {
      "sessions": true,
      "networkTracking": {
        "captureRules": [
          {
            "responseBody": {
              "allowlist": [],
              "excludelist": []
            },
            "requestHeaders": {
              "allowlist": [],
              "captureSafeHeaders": true
            },
            "responseHeaders": {
              "allowlist": [],
              "captureSafeHeaders": true
            },
            "statusCodeRange": "500-599",
            "requestBody": {
              "allowlist": [],
              "excludelist": []
            },
            "hosts": [
              "*"
            ]
          }
        ],
        "ignoreAmplitudeRequests": true,
        "enabled": true
      },
      "frustrationInteractions": {
        "deadClick": {
          "enabled": true,
          "cssSelectorAllowlist": [
            "input[type=\"button\"]",
            "input[type=\"submit\"]",
            "input[type=\"reset\"]",
            "input[type=\"image\"]",
            "input[type=\"file\"]",
            "a",
            "button",
            "[role=\"button\"]",
            "[role=\"link\"]",
            "[role=\"menuitem\"]",
            "[role=\"menuitemcheckbox\"]",
            "[role=\"menuitemradio\"]",
            "[role=\"option\"]",
            "[role=\"tab\"]",
            "[role=\"treeitem\"]",
            "[contenteditable=\"true\" i]"
          ]
        },
        "rageClick": {
          "enabled": true,
          "cssSelectorAllowlist": [
            "*"
          ]
        },
        "thrashedCursor": {
          "enabled": true
        },
        "errorClicks": {
          "enabled": true,
          "cssSelectorAllowlist": [
            "input[type=\"button\"]",
            "input[type=\"submit\"]",
            "input[type=\"reset\"]",
            "input[type=\"image\"]",
            "input[type=\"file\"]",
            "a",
            "button",
            "[role=\"button\"]",
            "[role=\"link\"]",
            "[role=\"menuitem\"]",
            "[role=\"menuitemcheckbox\"]",
            "[role=\"menuitemradio\"]",
            "[role=\"option\"]",
            "[role=\"tab\"]",
            "[role=\"treeitem\"]",
            "[contenteditable=\"true\" i]"
          ]
        },
        "enabled": true
      },
      "pageViews": true,
      "elementInteractions": {
        "pageUrlAllowlistRegex": [],
        "actionClickAllowlist": [
          "div",
          "span",
          "h1",
          "h2",
          "h3",
          "h4",
          "h5",
          "h6"
        ],
        "viewportContentUpdated": {
          "enabled": true,
          "exposureDuration": 150
        },
        "pageUrlAllowlist": [
          "https://mindgracencr.in"
        ],
        "cssSelectorAllowlist": [
          "a",
          "button",
          "input",
          "select",
          "textarea",
          "label",
          "video",
          "audio",
          "[contenteditable=\"true\" i]",
          "[data-amp-default-track]",
          ".amp-default-track"
        ],
        "dataAttributePrefix": "data-amp-track-"
      },
      "fileDownloads": true,
      "webVitals": {
        "enabled": true
      },
      "formInteractions": true
    }
  },
  "source": "cache",
  "lastFetch": "2026-09-29T17:38:02.031Z"
} @ http://127.0.0.1:4321/assets/vendor/min/amplitude-2.47.0.min.js:0
[    3113ms] [LOG] Amplitude Logger [Debug]: Update browser config with remote configuration: {"autocapture":{"sessions":true,"networkTracking":{"captureRules":[{"responseBody":{"allowlist":[],"excludelist":[]},"requestHeaders":["access-control-allow-origin","access-control-allow-credentials","access-control-expose-headers","access-control-max-age","access-control-allow-methods","access-control-allow-headers","accept-patch","accept-ranges","age","allow","alt-svc","cache-control","connection","content-disposition","content-encoding","content-language","content-length","content-location","content-md5","content-range","content-type","date","delta-base","etag","expires","im","last-modified","link","location","permanent","p3p","pragma","proxy-authenticate","public-key-pins","retry-after","server","status","strict-transport-security","trailer","transfer-encoding","tk","upgrade","vary","via","warning","www-authenticate","x-b3-traceid","x-frame-options"],"responseHeaders":["access-control-allow-origin","access-control-allow-credentials","access-control-expose-headers","access-control-max-age","access-control-allow-methods","access-control-allow-headers","accept-patch","accept-ranges","age","allow","alt-svc","cache-control","connection","content-disposition","content-encoding","content-language","content-length","content-location","content-md5","content-range","content-type","date","delta-base","etag","expires","im","last-modified","link","location","permanent","p3p","pragma","proxy-authenticate","public-key-pins","retry-after","server","status","strict-transport-security","trailer","transfer-encoding","tk","upgrade","vary","via","warning","www-authenticate","x-b3-traceid","x-frame-options"],"statusCodeRange":"500-599","requestBody":{"allowlist":[],"excludelist":[]},"hosts":["*"]}],"ignoreAmplitudeRequests":true},"frustrationInteractions":{"thrashedCursor":true,"errorClicks":{"cssSelectorAllowlist":["input[type=\"button\"]","input[type=\"submit\"]","input[type=\"reset\"]","input[type=\"image\"]","input[type=\"file\"]","a","button","[role=\"button\"]","[role=\"link\"]","[role=\"menuitem\"]","[role=\"menuitemcheckbox\"]","[role=\"menuitemradio\"]","[role=\"option\"]","[role=\"tab\"]","[role=\"treeitem\"]","[contenteditable=\"true\" i]"]},"rageClicks":{"cssSelectorAllowlist":["*"]},"deadClicks":{"cssSelectorAllowlist":["input[type=\"button\"]","input[type=\"submit\"]","input[type=\"reset\"]","input[type=\"image\"]","input[type=\"file\"]","a","button","[role=\"button\"]","[role=\"link\"]","[role=\"menuitem\"]","[role=\"menuitemcheckbox\"]","[role=\"menuitemradio\"]","[role=\"option\"]","[role=\"tab\"]","[role=\"treeitem\"]","[contenteditable=\"true\" i]"]}},"pageViews":true,"elementInteractions":{"pageUrlAllowlistRegex":[],"actionClickAllowlist":["div","span","h1","h2","h3","h4","h5","h6"],"viewportContentUpdated":{"exposureDuration":150},"pageUrlAllowlist":["https://mindgracencr.in"],"cssSelectorAllowlist":["a","button","input","select","textarea","label","video","audio","[contenteditable=\"true\" i]","[data-amp-default-track]",".amp-default-track"],"dataAttributePrefix":"data-amp-track-"},"fileDownloads":true,"webVitals":true,"formInteractions":true,"screenViews":true}} @ http://127.0.0.1:4321/assets/vendor/min/amplitude-2.47.0.min.js:0
[    3116ms] [LOG] Amplitude Logger [Debug]: Browser config after remote config update: {"_optOut":false,"apiKey":"bcd984f11210e7e9d3f74d505271cf04","flushIntervalMillis":1000,"flushMaxRetries":5,"flushQueueSize":30,"instanceName":"$default_instance","loggerProvider":{"logLevel":"Debug"},"logLevel":"Debug","offline":false,"serverUrl":"","serverZone":"US","storageProvider":{"storage":{"AMP_remote_config_bcd984f112":"{\"remoteConfig\":{\"configs\":{\"diagnostics\":{\"browserSDK\":{\"sampleRate\":0.02}},\"sessionReplay\":{},\"analyticsSDK\":{\"browserSDK\":{\"autocapture\":{\"sessions\":true,\"networkTracking\":{\"captureRules\":[{\"responseBody\":{\"allowlist\":[],\"excludelist\":[]},\"requestHeaders\":{\"allowlist\":[],\"captureSafeHeaders\":true},\"responseHeaders\":{\"allowlist\":[],\"captureSafeHeaders\":true},\"statusCodeRange\":\"500-599\",\"requestBody\":{\"allowlist\":[],\"excludelist\":[]},\"hosts\":[\"*\"]}],\"ignoreAmplitudeRequests\":true,\"enabled\":true},\"frustrationInteractions\":{\"deadClick\":{\"enabled\":true,\"cssSelectorAllowlist\":[\"input[type=\\\"button\\\"]\",\"input[type=\\\"submit\\\"]\",\"input[type=\\\"reset\\\"]\",\"input[type=\\\"image\\\"]\",\"input[type=\\\"file\\\"]\",\"a\",\"button\",\"[role=\\\"button\\\"]\",\"[role=\\\"link\\\"]\",\"[role=\\\"menuitem\\\"]\",\"[role=\\\"menuitemcheckbox\\\"]\",\"[role=\\\"menuitemradio\\\"]\",\"[role=\\\"option\\\"]\",\"[role=\\\"tab\\\"]\",\"[role=\\\"treeitem\\\"]\",\"[contenteditable=\\\"true\\\" i]\"]},\"rageClick\":{\"enabled\":true,\"cssSelectorAllowlist\":[\"*\"]},\"thrashedCursor\":{\"enabled\":true},\"errorClicks\":{\"enabled\":true,\"cssSelectorAllowlist\":[\"input[type=\\\"button\\\"]\",\"input[type=\\\"submit\\\"]\",\"input[type=\\\"reset\\\"]\",\"input[type=\\\"image\\\"]\",\"input[type=\\\"file\\\"]\",\"a\",\"button\",\"[role=\\\"button\\\"]\",\"[role=\\\"link\\\"]\",\"[role=\\\"menuitem\\\"]\",\"[role=\\\"menuitemcheckbox\\\"]\",\"[role=\\\"menuitemradio\\\"]\",\"[role=\\\"option\\\"]\",\"[role=\\\"tab\\\"]\",\"[role=\\\"treeitem\\\"]\",\"[contenteditable=\\\"true\\\" i]\"]},\"enabled\":true},\"pageViews\":true,\"elementInteractions\":{\"pageUrlAllowlistRegex\":[],\"actionClickAllowlist\":[\"div\",\"span\",\"h1\",\"h2\",\"h3\",\"h4\",\"h5\",\"h6\"],\"viewportContentUpdated\":{\"enabled\":true,\"exposureDuration\":150},\"pageUrlAllowlist\":[\"https://mindgracencr.in\"],\"cssSelectorAllowlist\":[\"a\",\"button\",\"input\",\"select\",\"textarea\",\"label\",\"video\",\"audio\",\"[contenteditable=\\\"true\\\" i]\",\"[data-amp-default-track]\",\".amp-default-track\"],\"dataAttributePrefix\":\"data-amp-track-\"},\"fileDownloads\":true,\"webVitals\":{\"enabled\":true},\"formInteractions\":true}}}}},\"lastFetch\":\"2026-09-29T17:38:02.031Z\"}"},"loggerProvider":{"logLevel":"Debug"}},"transportProvider":{"customHeaders":{},"enableKeepalive":true},"useBatch":false,"cookieOptions":{"domain":".127.0.0.1","expiration":365,"sameSite":"Lax","secure":false,"upgrade":true},"defaultTracking":{"pageViews":true,"sessions":true,"formInteractions":true,"fileDownloads":true,"elementInteractions":{"pageUrlAllowlistRegex":[],"actionClickAllowlist":["div","span","h1","h2","h3","h4","h5","h6"],"viewportContentUpdated":{"exposureDuration":150},"pageUrlAllowlist":["https://mindgracencr.in"],"cssSelectorAllowlist":["a","button","input","select","textarea","label","video","audio","[contenteditable=\"true\" i]","[data-amp-default-track]",".amp-default-track"],"dataAttributePrefix":"data-amp-track-"},"frustrationInteractions":{"thrashedCursor":true,"errorClicks":{"cssSelectorAllowlist":["input[type=\"button\"]","input[type=\"submit\"]","input[type=\"reset\"]","input[type=\"image\"]","input[type=\"file\"]","a","button","[role=\"button\"]","[role=\"link\"]","[role=\"menuitem\"]","[role=\"menuitemcheckbox\"]","[role=\"menuitemradio\"]","[role=\"option\"]","[role=\"tab\"]","[role=\"treeitem\"]","[contenteditable=\"true\" i]"]},"rageClicks":{"cssSelectorAllowlist":["*"]},"deadClicks":{"cssSelectorAllowlist":["input[type=\"button\"]","input[type=\"submit\"]","input[type=\"reset\"]","input[type=\"image\"]","input[type=\"file\"]","a","button","[role=\"button\"]","[role=\"link\"]","[role=\"menuitem\"]","[role=\"menuitemcheckbox\"]","[role=\"menuitemradio\"]","[role=\"option\"]","[role=\"tab\"]","[role=\"treeitem\"]","[contenteditable=\"true\" i]"]}},"networkTracking":{"captureRules":[{"responseBody":{"allowlist":[],"excludelist":[]},"requestHeaders":["access-control-allow-origin","access-control-allow-credentials","access-control-expose-headers","access-control-max-age","access-control-allow-methods","access-control-allow-headers","accept-patch","accept-ranges","age","allow","alt-svc","cache-control","connection","content-disposition","content-encoding","content-language","content-length","content-location","content-md5","content-range","content-type","date","delta-base","etag","expires","im","last-modified","link","location","permanent","p3p","pragma","proxy-authenticate","public-key-pins","retry-after","server","status","strict-transport-security","trailer","transfer-encoding","tk","upgrade","vary","via","warning","www-authenticate","x-b3-traceid","x-frame-options"],"responseHeaders":["access-control-allow-origin","access-control-allow-credentials","access-control-expose-headers","access-control-max-age","access-control-allow-methods","access-control-allow-headers","accept-patch","accept-ranges","age","allow","alt-svc","cache-control","connection","content-disposition","content-encoding","content-language","content-length","content-location","content-md5","content-range","content-type","date","delta-base","etag","expires","im","last-modified","link","location","permanent","p3p","pragma","proxy-authenticate","public-key-pins","retry-after","server","status","strict-transport-security","trailer","transfer-encoding","tk","upgrade","vary","via","warning","www-authenticate","x-b3-traceid","x-frame-options"],"statusCodeRange":"500-599","requestBody":{"allowlist":[],"excludelist":[]},"hosts":["*"],"urls":[]}],"ignoreAmplitudeRequests":true},"webVitals":true,"screenViews":true},"autocapture":{"pageViews":true,"sessions":true,"formInteractions":true,"fileDownloads":true,"elementInteractions":{"pageUrlAllowlistRegex":[],"actionClickAllowlist":["div","span","h1","h2","h3","h4","h5","h6"],"viewportContentUpdated":{"exposureDuration":150},"pageUrlAllowlist":["https://mindgracencr.in"],"cssSelectorAllowlist":["a","button","input","select","textarea","label","video","audio","[contenteditable=\"true\" i]","[data-amp-default-track]",".amp-default-track"],"dataAttributePrefix":"data-amp-track-"},"frustrationInteractions":{"thrashedCursor":true,"errorClicks":{"cssSelectorAllowlist":["input[type=\"button\"]","input[type=\"submit\"]","input[type=\"reset\"]","input[type=\"image\"]","input[type=\"file\"]","a","button","[role=\"button\"]","[role=\"link\"]","[role=\"menuitem\"]","[role=\"menuitemcheckbox\"]","[role=\"menuitemradio\"]","[role=\"option\"]","[role=\"tab\"]","[role=\"treeitem\"]","[contenteditable=\"true\" i]"]},"rageClicks":{"cssSelectorAllowlist":["*"]},"deadClicks":{"cssSelectorAllowlist":["input[type=\"button\"]","input[type=\"submit\"]","input[type=\"reset\"]","input[type=\"image\"]","input[type=\"file\"]","a","button","[role=\"button\"]","[role=\"link\"]","[role=\"menuitem\"]","[role=\"menuitemcheckbox\"]","[role=\"menuitemradio\"]","[role=\"option\"]","[role=\"tab\"]","[role=\"treeitem\"]","[contenteditable=\"true\" i]"]}},"networkTracking":{"captureRules":[{"responseBody":{"allowlist":[],"excludelist":[]},"requestHeaders":["access-control-allow-origin","access-control-allow-credentials","access-control-expose-headers","access-control-max-age","access-control-allow-methods","access-control-allow-headers","accept-patch","accept-ranges","age","allow","alt-svc","cache-control","connection","content-disposition","content-encoding","content-language","content-length","content-location","content-md5","content-range","content-type","date","delta-base","etag","expires","im","last-modified","link","location","permanent","p3p","pragma","proxy-authenticate","public-key-pins","retry-after","server","status","strict-transport-security","trailer","transfer-encoding","tk","upgrade","vary","via","warning","www-authenticate","x-b3-traceid","x-frame-options"],"responseHeaders":["access-control-allow-origin","access-control-allow-credentials","access-control-expose-headers","access-control-max-age","access-control-allow-methods","access-control-allow-headers","accept-patch","accept-ranges","age","allow","alt-svc","cache-control","connection","content-disposition","content-encoding","content-language","content-length","content-location","content-md5","content-range","content-type","date","delta-base","etag","expires","im","last-modified","link","location","permanent","p3p","pragma","proxy-authenticate","public-key-pins","retry-after","server","status","strict-transport-security","trailer","transfer-encoding","tk","upgrade","vary","via","warning","www-authenticate","x-b3-traceid","x-frame-options"],"statusCodeRange":"500-599","requestBody":{"allowlist":[],"excludelist":[]},"hosts":["*"],"urls":[]}],"ignoreAmplitudeRequests":true},"webVitals":true,"screenViews":true},"identityStorage":"cookie","sessionTimeout":1800000,"trackingOptions":{"ipAddress":true,"language":true,"platform":true},"transport":"fetch","fetchRemoteConfig":true,"enableDiagnostics":true,"diagnosticsSampleRate":0.02,"diagnosticsClient":{"inMemoryTags":{},"inMemoryCounters":{},"inMemoryHistograms":{},"inMemoryEvents":[],"saveTimer":null,"flushTimer":126,"apiKey":"bcd984f11210e7e9d3f74d505271cf04","logger":{"logLevel":"Debug"},"serverUrl":"https://diagnostics.prod.us-west-2.amplitude.com/v1/capture","config":{"enabled":true,"sampleRate":0.02},"startTimestamp":1790703482035,"shouldTrack":false,"storage":{"dbPromise":{},"logger":{"logLevel":"Debug"},"dbName":"AMP_diagnostics_bcd984f112"}},"remoteConfig":{"fetchRemoteConfig":true},"topLevelDomain":".127.0.0.1","enableRequestBodyCompression":false,"version":"2.47.0","_cookieStorage":{"options":{"domain":".127.0.0.1","expiration":365,"sameSite":"Lax","secure":false,"upgrade":true,"expirationDays":365},"config":{"diagnosticsClient":{"inMemoryTags":{},"inMemoryCounters":{},"inMemoryHistograms":{},"inMemoryEvents":[],"saveTimer":null,"flushTimer":126,"apiKey":"bcd984f11210e7e9d3f74d505271cf04","logger":{"logLevel":"Debug"},"serverUrl":"https://diagnostics.prod.us-west-2.amplitude.com/v1/capture","config":{"enabled":true,"sampleRate":0.02},"startTimestamp":1790703482035,"shouldTrack":false,"storage":{"dbPromise":{},"logger":{"logLevel":"Debug"},"dbName":"AMP_diagnostics_bcd984f112"}}}},"_deviceId":"b282c4d7-b612-49ef-aabe-db35a5e63402"} @ http://127.0.0.1:4321/assets/vendor/min/amplitude-2.47.0.min.js:0
[    3121ms] [LOG] Amplitude Logger [Debug]: Initialized Amplitude with BrowserConfig: {"_optOut":false,"apiKey":"bcd984f112********","flushIntervalMillis":1000,"flushMaxRetries":5,"flushQueueSize":30,"instanceName":"$default_instance","loggerProvider":{"logLevel":"Debug"},"logLevel":"Debug","offline":false,"serverUrl":"","serverZone":"US","storageProvider":{"storage":{"AMP_remote_config_bcd984f112":"{\"remoteConfig\":{\"configs\":{\"diagnostics\":{\"browserSDK\":{\"sampleRate\":0.02}},\"sessionReplay\":{},\"analyticsSDK\":{\"browserSDK\":{\"autocapture\":{\"sessions\":true,\"networkTracking\":{\"captureRules\":[{\"responseBody\":{\"allowlist\":[],\"excludelist\":[]},\"requestHeaders\":{\"allowlist\":[],\"captureSafeHeaders\":true},\"responseHeaders\":{\"allowlist\":[],\"captureSafeHeaders\":true},\"statusCodeRange\":\"500-599\",\"requestBody\":{\"allowlist\":[],\"excludelist\":[]},\"hosts\":[\"*\"]}],\"ignoreAmplitudeRequests\":true,\"enabled\":true},\"frustrationInteractions\":{\"deadClick\":{\"enabled\":true,\"cssSelectorAllowlist\":[\"input[type=\\\"button\\\"]\",\"input[type=\\\"submit\\\"]\",\"input[type=\\\"reset\\\"]\",\"input[type=\\\"image\\\"]\",\"input[type=\\\"file\\\"]\",\"a\",\"button\",\"[role=\\\"button\\\"]\",\"[role=\\\"link\\\"]\",\"[role=\\\"menuitem\\\"]\",\"[role=\\\"menuitemcheckbox\\\"]\",\"[role=\\\"menuitemradio\\\"]\",\"[role=\\\"option\\\"]\",\"[role=\\\"tab\\\"]\",\"[role=\\\"treeitem\\\"]\",\"[contenteditable=\\\"true\\\" i]\"]},\"rageClick\":{\"enabled\":true,\"cssSelectorAllowlist\":[\"*\"]},\"thrashedCursor\":{\"enabled\":true},\"errorClicks\":{\"enabled\":true,\"cssSelectorAllowlist\":[\"input[type=\\\"button\\\"]\",\"input[type=\\\"submit\\\"]\",\"input[type=\\\"reset\\\"]\",\"input[type=\\\"image\\\"]\",\"input[type=\\\"file\\\"]\",\"a\",\"button\",\"[role=\\\"button\\\"]\",\"[role=\\\"link\\\"]\",\"[role=\\\"menuitem\\\"]\",\"[role=\\\"menuitemcheckbox\\\"]\",\"[role=\\\"menuitemradio\\\"]\",\"[role=\\\"option\\\"]\",\"[role=\\\"tab\\\"]\",\"[role=\\\"treeitem\\\"]\",\"[contenteditable=\\\"true\\\" i]\"]},\"enabled\":true},\"pageViews\":true,\"elementInteractions\":{\"pageUrlAllowlistRegex\":[],\"actionClickAllowlist\":[\"div\",\"span\",\"h1\",\"h2\",\"h3\",\"h4\",\"h5\",\"h6\"],\"viewportContentUpdated\":{\"enabled\":true,\"exposureDuration\":150},\"pageUrlAllowlist\":[\"https://mindgracencr.in\"],\"cssSelectorAllowlist\":[\"a\",\"button\",\"input\",\"select\",\"textarea\",\"label\",\"video\",\"audio\",\"[contenteditable=\\\"true\\\" i]\",\"[data-amp-default-track]\",\".amp-default-track\"],\"dataAttributePrefix\":\"data-amp-track-\"},\"fileDownloads\":true,\"webVitals\":{\"enabled\":true},\"formInteractions\":true}}}}},\"lastFetch\":\"2026-09-29T17:38:02.031Z\"}"},"loggerProvider":{"logLevel":"Debug"}},"transportProvider":{"customHeaders":{},"enableKeepalive":true},"useBatch":false,"cookieOptions":{"domain":".127.0.0.1","expiration":365,"sameSite":"Lax","secure":false,"upgrade":true},"defaultTracking":{"pageViews":true,"sessions":true,"formInteractions":true,"fileDownloads":true,"elementInteractions":{"pageUrlAllowlistRegex":[],"actionClickAllowlist":["div","span","h1","h2","h3","h4","h5","h6"],"viewportContentUpdated":{"exposureDuration":150},"pageUrlAllowlist":["https://mindgracencr.in"],"cssSelectorAllowlist":["a","button","input","select","textarea","label","video","audio","[contenteditable=\"true\" i]","[data-amp-default-track]",".amp-default-track"],"dataAttributePrefix":"data-amp-track-"},"frustrationInteractions":{"thrashedCursor":true,"errorClicks":{"cssSelectorAllowlist":["input[type=\"button\"]","input[type=\"submit\"]","input[type=\"reset\"]","input[type=\"image\"]","input[type=\"file\"]","a","button","[role=\"button\"]","[role=\"link\"]","[role=\"menuitem\"]","[role=\"menuitemcheckbox\"]","[role=\"menuitemradio\"]","[role=\"option\"]","[role=\"tab\"]","[role=\"treeitem\"]","[contenteditable=\"true\" i]"]},"rageClicks":{"cssSelectorAllowlist":["*"]},"deadClicks":{"cssSelectorAllowlist":["input[type=\"button\"]","input[type=\"submit\"]","input[type=\"reset\"]","input[type=\"image\"]","input[type=\"file\"]","a","button","[role=\"button\"]","[role=\"link\"]","[role=\"menuitem\"]","[role=\"menuitemcheckbox\"]","[role=\"menuitemradio\"]","[role=\"option\"]","[role=\"tab\"]","[role=\"treeitem\"]","[contenteditable=\"true\" i]"]}},"networkTracking":{"captureRules":[{"responseBody":{"allowlist":[],"excludelist":[]},"requestHeaders":["access-control-allow-origin","access-control-allow-credentials","access-control-expose-headers","access-control-max-age","access-control-allow-methods","access-control-allow-headers","accept-patch","accept-ranges","age","allow","alt-svc","cache-control","connection","content-disposition","content-encoding","content-language","content-length","content-location","content-md5","content-range","content-type","date","delta-base","etag","expires","im","last-modified","link","location","permanent","p3p","pragma","proxy-authenticate","public-key-pins","retry-after","server","status","strict-transport-security","trailer","transfer-encoding","tk","upgrade","vary","via","warning","www-authenticate","x-b3-traceid","x-frame-options"],"responseHeaders":["access-control-allow-origin","access-control-allow-credentials","access-control-expose-headers","access-control-max-age","access-control-allow-methods","access-control-allow-headers","accept-patch","accept-ranges","age","allow","alt-svc","cache-control","connection","content-disposition","content-encoding","content-language","content-length","content-location","content-md5","content-range","content-type","date","delta-base","etag","expires","im","last-modified","link","location","permanent","p3p","pragma","proxy-authenticate","public-key-pins","retry-after","server","status","strict-transport-security","trailer","transfer-encoding","tk","upgrade","vary","via","warning","www-authenticate","x-b3-traceid","x-frame-options"],"statusCodeRange":"500-599","requestBody":{"allowlist":[],"excludelist":[]},"hosts":["*"],"urls":[]}],"ignoreAmplitudeRequests":true},"webVitals":true,"screenViews":true},"autocapture":{"pageViews":true,"sessions":true,"formInteractions":true,"fileDownloads":true,"elementInteractions":{"pageUrlAllowlistRegex":[],"actionClickAllowlist":["div","span","h1","h2","h3","h4","h5","h6"],"viewportContentUpdated":{"exposureDuration":150},"pageUrlAllowlist":["https://mindgracencr.in"],"cssSelectorAllowlist":["a","button","input","select","textarea","label","video","audio","[contenteditable=\"true\" i]","[data-amp-default-track]",".amp-default-track"],"dataAttributePrefix":"data-amp-track-"},"frustrationInteractions":{"thrashedCursor":true,"errorClicks":{"cssSelectorAllowlist":["input[type=\"button\"]","input[type=\"submit\"]","input[type=\"reset\"]","input[type=\"image\"]","input[type=\"file\"]","a","button","[role=\"button\"]","[role=\"link\"]","[role=\"menuitem\"]","[role=\"menuitemcheckbox\"]","[role=\"menuitemradio\"]","[role=\"option\"]","[role=\"tab\"]","[role=\"treeitem\"]","[contenteditable=\"true\" i]"]},"rageClicks":{"cssSelectorAllowlist":["*"]},"deadClicks":{"cssSelectorAllowlist":["input[type=\"button\"]","input[type=\"submit\"]","input[type=\"reset\"]","input[type=\"image\"]","input[type=\"file\"]","a","button","[role=\"button\"]","[role=\"link\"]","[role=\"menuitem\"]","[role=\"menuitemcheckbox\"]","[role=\"menuitemradio\"]","[role=\"option\"]","[role=\"tab\"]","[role=\"treeitem\"]","[contenteditable=\"true\" i]"]}},"networkTracking":{"captureRules":[{"responseBody":{"allowlist":[],"excludelist":[]},"requestHeaders":["access-control-allow-origin","access-control-allow-credentials","access-control-expose-headers","access-control-max-age","access-control-allow-methods","access-control-allow-headers","accept-patch","accept-ranges","age","allow","alt-svc","cache-control","connection","content-disposition","content-encoding","content-language","content-length","content-location","content-md5","content-range","content-type","date","delta-base","etag","expires","im","last-modified","link","location","permanent","p3p","pragma","proxy-authenticate","public-key-pins","retry-after","server","status","strict-transport-security","trailer","transfer-encoding","tk","upgrade","vary","via","warning","www-authenticate","x-b3-traceid","x-frame-options"],"responseHeaders":["access-control-allow-origin","access-control-allow-credentials","access-control-expose-headers","access-control-max-age","access-control-allow-methods","access-control-allow-headers","accept-patch","accept-ranges","age","allow","alt-svc","cache-control","connection","content-disposition","content-encoding","content-language","content-length","content-location","content-md5","content-range","content-type","date","delta-base","etag","expires","im","last-modified","link","location","permanent","p3p","pragma","proxy-authenticate","public-key-pins","retry-after","server","status","strict-transport-security","trailer","transfer-encoding","tk","upgrade","vary","via","warning","www-authenticate","x-b3-traceid","x-frame-options"],"statusCodeRange":"500-599","requestBody":{"allowlist":[],"excludelist":[]},"hosts":["*"],"urls":[]}],"ignoreAmplitudeRequests":true},"webVitals":true,"screenViews":true},"identityStorage":"cookie","sessionTimeout":1800000,"trackingOptions":{"ipAddress":true,"language":true,"platform":true},"transport":"fetch","fetchRemoteConfig":true,"enableDiagnostics":true,"diagnosticsSampleRate":0.02,"diagnosticsClient":{"inMemoryTags":{},"inMemoryCounters":{},"inMemoryHistograms":{},"inMemoryEvents":[],"saveTimer":null,"flushTimer":126,"apiKey":"bcd984f11210e7e9d3f74d505271cf04","logger":{"logLevel":"Debug"},"serverUrl":"https://diagnostics.prod.us-west-2.amplitude.com/v1/capture","config":{"enabled":true,"sampleRate":0.02},"startTimestamp":1790703482035,"shouldTrack":false,"storage":{"dbPromise":{},"logger":{"logLevel":"Debug"},"dbName":"AMP_diagnostics_bcd984f112"}},"remoteConfig":{"fetchRemoteConfig":true},"topLevelDomain":".127.0.0.1","enableRequestBodyCompression":false,"version":"2.47.0","_cookieStorage":{"options":{"domain":".127.0.0.1","expiration":365,"sameSite":"Lax","secure":false,"upgrade":true,"expirationDays":365},"config":{"diagnosticsClient":{"inMemoryTags":{},"inMemoryCounters":{},"inMemoryHistograms":{},"inMemoryEvents":[],"saveTimer":null,"flushTimer":126,"apiKey":"bcd984f11210e7e9d3f74d505271cf04","logger":{"logLevel":"Debug"},"serverUrl":"https://diagnostics.prod.us-west-2.amplitude.com/v1/capture","config":{"enabled":true,"sampleRate":0.02},"startTimestamp":1790703482035,"shouldTrack":false,"storage":{"dbPromise":{},"logger":{"logLevel":"Debug"},"dbName":"AMP_diagnostics_bcd984f112"}}}},"_deviceId":"b282c4d7-b612-49ef-aabe-db35a5e63402"} @ http://127.0.0.1:4321/assets/vendor/min/amplitude-2.47.0.min.js:0
[    3124ms] [LOG] Amplitude Logger [Log]: Installing web attribution tracking. @ http://127.0.0.1:4321/assets/vendor/min/amplitude-2.47.0.min.js:0
[    3134ms] [LOG] Amplitude Logger [Debug]: This is a new campaign. An $identify event will be sent. @ http://127.0.0.1:4321/assets/vendor/min/amplitude-2.47.0.min.js:0
[    3136ms] [LOG] Amplitude Logger [Debug]: function setSessionId:  1790703482107 @ http://127.0.0.1:4321/assets/vendor/min/amplitude-2.47.0.min.js:0
[    3140ms] [LOG] Amplitude Logger [Log]: Tracking attribution. @ http://127.0.0.1:4321/assets/vendor/min/amplitude-2.47.0.min.js:0
[    3143ms] [LOG] Amplitude Logger [Debug]: Adding file download tracking plugin @ http://127.0.0.1:4321/assets/vendor/min/amplitude-2.47.0.min.js:0
[    3148ms] [LOG] Amplitude Logger [Debug]: Adding form interaction plugin @ http://127.0.0.1:4321/assets/vendor/min/amplitude-2.47.0.min.js:0
[    3149ms] [LOG] Amplitude Logger [Debug]: Adding page view tracking plugin @ http://127.0.0.1:4321/assets/vendor/min/amplitude-2.47.0.min.js:0
[    3150ms] [LOG] Amplitude Logger [Log]: Installing @amplitude/plugin-page-view-tracking-browser @ http://127.0.0.1:4321/assets/vendor/min/amplitude-2.47.0.min.js:0
[    3157ms] [LOG] Amplitude Logger [Log]: Tracking page view event @ http://127.0.0.1:4321/assets/vendor/min/amplitude-2.47.0.min.js:0
[    3161ms] [LOG] Amplitude Logger [Debug]: Adding event property attribution plugin @ http://127.0.0.1:4321/assets/vendor/min/amplitude-2.47.0.min.js:0
[    3162ms] [LOG] Amplitude Logger [Log]: Installing event property attribution tracking. @ http://127.0.0.1:4321/assets/vendor/min/amplitude-2.47.0.min.js:0
[    3163ms] [LOG] Amplitude Logger [Debug]: Adding user interactions plugin (autocapture plugin) @ http://127.0.0.1:4321/assets/vendor/min/amplitude-2.47.0.min.js:0
[    3171ms] [LOG] Amplitude Logger [Debug]: Remote config localstorage parsed successfully: {"remoteConfig":{"configs":{"diagnostics":{"browserSDK":{"sampleRate":0.02}},"sessionReplay":{},"analyticsSDK":{"browserSDK":{"autocapture":{"sessions":true,"networkTracking":{"captureRules":[{"responseBody":{"allowlist":[],"excludelist":[]},"requestHeaders":{"allowlist":[],"captureSafeHeaders":true},"responseHeaders":{"allowlist":[],"captureSafeHeaders":true},"statusCodeRange":"500-599","requestBody":{"allowlist":[],"excludelist":[]},"hosts":["*"]}],"ignoreAmplitudeRequests":true,"enabled":true},"frustrationInteractions":{"deadClick":{"enabled":true,"cssSelectorAllowlist":["input[type=\"button\"]","input[type=\"submit\"]","input[type=\"reset\"]","input[type=\"image\"]","input[type=\"file\"]","a","button","[role=\"button\"]","[role=\"link\"]","[role=\"menuitem\"]","[role=\"menuitemcheckbox\"]","[role=\"menuitemradio\"]","[role=\"option\"]","[role=\"tab\"]","[role=\"treeitem\"]","[contenteditable=\"true\" i]"]},"rageClick":{"enabled":true,"cssSelectorAllowlist":["*"]},"thrashedCursor":{"enabled":true},"errorClicks":{"enabled":true,"cssSelectorAllowlist":["input[type=\"button\"]","input[type=\"submit\"]","input[type=\"reset\"]","input[type=\"image\"]","input[type=\"file\"]","a","button","[role=\"button\"]","[role=\"link\"]","[role=\"menuitem\"]","[role=\"menuitemcheckbox\"]","[role=\"menuitemradio\"]","[role=\"option\"]","[role=\"tab\"]","[role=\"treeitem\"]","[contenteditable=\"true\" i]"]},"enabled":true},"pageViews":true,"elementInteractions":{"pageUrlAllowlistRegex":[],"actionClickAllowlist":["div","span","h1","h2","h3","h4","h5","h6"],"viewportContentUpdated":{"enabled":true,"exposureDuration":150},"pageUrlAllowlist":["https://mindgracencr.in"],"cssSelectorAllowlist":["a","button","input","select","textarea","label","video","audio","[contenteditable=\"true\" i]","[data-amp-default-track]",".amp-default-track"],"dataAttributePrefix":"data-amp-track-"},"fileDownloads":true,"webVitals":{"enabled":true},"formInteractions":true}}}}},"lastFetch":"2026-09-29T17:38:02.031Z"} @ http://127.0.0.1:4321/assets/vendor/min/amplitude-2.47.0.min.js:0
[    3173ms] [LOG] Amplitude Logger [Debug]: Remote config localstorage parsed successfully: {"remoteConfig":{"configs":{"diagnostics":{"browserSDK":{"sampleRate":0.02}},"sessionReplay":{},"analyticsSDK":{"browserSDK":{"autocapture":{"sessions":true,"networkTracking":{"captureRules":[{"responseBody":{"allowlist":[],"excludelist":[]},"requestHeaders":{"allowlist":[],"captureSafeHeaders":true},"responseHeaders":{"allowlist":[],"captureSafeHeaders":true},"statusCodeRange":"500-599","requestBody":{"allowlist":[],"excludelist":[]},"hosts":["*"]}],"ignoreAmplitudeRequests":true,"enabled":true},"frustrationInteractions":{"deadClick":{"enabled":true,"cssSelectorAllowlist":["input[type=\"button\"]","input[type=\"submit\"]","input[type=\"reset\"]","input[type=\"image\"]","input[type=\"file\"]","a","button","[role=\"button\"]","[role=\"link\"]","[role=\"menuitem\"]","[role=\"menuitemcheckbox\"]","[role=\"menuitemradio\"]","[role=\"option\"]","[role=\"tab\"]","[role=\"treeitem\"]","[contenteditable=\"true\" i]"]},"rageClick":{"enabled":true,"cssSelectorAllowlist":["*"]},"thrashedCursor":{"enabled":true},"errorClicks":{"enabled":true,"cssSelectorAllowlist":["input[type=\"button\"]","input[type=\"submit\"]","input[type=\"reset\"]","input[type=\"image\"]","input[type=\"file\"]","a","button","[role=\"button\"]","[role=\"link\"]","[role=\"menuitem\"]","[role=\"menuitemcheckbox\"]","[role=\"menuitemradio\"]","[role=\"option\"]","[role=\"tab\"]","[role=\"treeitem\"]","[contenteditable=\"true\" i]"]},"enabled":true},"pageViews":true,"elementInteractions":{"pageUrlAllowlistRegex":[],"actionClickAllowlist":["div","span","h1","h2","h3","h4","h5","h6"],"viewportContentUpdated":{"enabled":true,"exposureDuration":150},"pageUrlAllowlist":["https://mindgracencr.in"],"cssSelectorAllowlist":["a","button","input","select","textarea","label","video","audio","[contenteditable=\"true\" i]","[data-amp-default-track]",".amp-default-track"],"dataAttributePrefix":"data-amp-track-"},"fileDownloads":true,"webVitals":{"enabled":true},"formInteractions":true}}}}},"lastFetch":"2026-09-29T17:38:02.031Z"} @ http://127.0.0.1:4321/assets/vendor/min/amplitude-2.47.0.min.js:0
[    3180ms] [LOG] Amplitude Logger [Log]: @amplitude/plugin-autocapture-browser has been successfully added. @ http://127.0.0.1:4321/assets/vendor/min/amplitude-2.47.0.min.js:0
[    3181ms] [LOG] Amplitude Logger [Debug]: Adding frustration interactions plugin @ http://127.0.0.1:4321/assets/vendor/min/amplitude-2.47.0.min.js:0
[    3184ms] [LOG] Amplitude Logger [Debug]: Remote config localstorage parsed successfully: {"remoteConfig":{"configs":{"diagnostics":{"browserSDK":{"sampleRate":0.02}},"sessionReplay":{},"analyticsSDK":{"browserSDK":{"autocapture":{"sessions":true,"networkTracking":{"captureRules":[{"responseBody":{"allowlist":[],"excludelist":[]},"requestHeaders":{"allowlist":[],"captureSafeHeaders":true},"responseHeaders":{"allowlist":[],"captureSafeHeaders":true},"statusCodeRange":"500-599","requestBody":{"allowlist":[],"excludelist":[]},"hosts":["*"]}],"ignoreAmplitudeRequests":true,"enabled":true},"frustrationInteractions":{"deadClick":{"enabled":true,"cssSelectorAllowlist":["input[type=\"button\"]","input[type=\"submit\"]","input[type=\"reset\"]","input[type=\"image\"]","input[type=\"file\"]","a","button","[role=\"button\"]","[role=\"link\"]","[role=\"menuitem\"]","[role=\"menuitemcheckbox\"]","[role=\"menuitemradio\"]","[role=\"option\"]","[role=\"tab\"]","[role=\"treeitem\"]","[contenteditable=\"true\" i]"]},"rageClick":{"enabled":true,"cssSelectorAllowlist":["*"]},"thrashedCursor":{"enabled":true},"errorClicks":{"enabled":true,"cssSelectorAllowlist":["input[type=\"button\"]","input[type=\"submit\"]","input[type=\"reset\"]","input[type=\"image\"]","input[type=\"file\"]","a","button","[role=\"button\"]","[role=\"link\"]","[role=\"menuitem\"]","[role=\"menuitemcheckbox\"]","[role=\"menuitemradio\"]","[role=\"option\"]","[role=\"tab\"]","[role=\"treeitem\"]","[contenteditable=\"true\" i]"]},"enabled":true},"pageViews":true,"elementInteractions":{"pageUrlAllowlistRegex":[],"actionClickAllowlist":["div","span","h1","h2","h3","h4","h5","h6"],"viewportContentUpdated":{"enabled":true,"exposureDuration":150},"pageUrlAllowlist":["https://mindgracencr.in"],"cssSelectorAllowlist":["a","button","input","select","textarea","label","video","audio","[contenteditable=\"true\" i]","[data-amp-default-track]",".amp-default-track"],"dataAttributePrefix":"data-amp-track-"},"fileDownloads":true,"webVitals":{"enabled":true},"formInteractions":true}}}}},"lastFetch":"2026-09-29T17:38:02.031Z"} @ http://127.0.0.1:4321/assets/vendor/min/amplitude-2.47.0.min.js:0
[    3187ms] [LOG] Amplitude Logger [Log]: @amplitude/plugin-frustration-browser has been successfully added. @ http://127.0.0.1:4321/assets/vendor/min/amplitude-2.47.0.min.js:0
[    3187ms] [LOG] Amplitude Logger [Debug]: Remote config client subscription all mode fetched from cache: {"remoteConfig":{"configs":{"diagnostics":{"browserSDK":{"sampleRate":0.02}},"sessionReplay":{},"analyticsSDK":{"browserSDK":{"autocapture":{"sessions":true,"networkTracking":{"captureRules":[{"responseBody":{"allowlist":[],"excludelist":[]},"requestHeaders":{"allowlist":[],"captureSafeHeaders":true},"responseHeaders":{"allowlist":[],"captureSafeHeaders":true},"statusCodeRange":"500-599","requestBody":{"allowlist":[],"excludelist":[]},"hosts":["*"]}],"ignoreAmplitudeRequests":true,"enabled":true},"frustrationInteractions":{"deadClick":{"enabled":true,"cssSelectorAllowlist":["input[type=\"button\"]","input[type=\"submit\"]","input[type=\"reset\"]","input[type=\"image\"]","input[type=\"file\"]","a","button","[role=\"button\"]","[role=\"link\"]","[role=\"menuitem\"]","[role=\"menuitemcheckbox\"]","[role=\"menuitemradio\"]","[role=\"option\"]","[role=\"tab\"]","[role=\"treeitem\"]","[contenteditable=\"true\" i]"]},"rageClick":{"enabled":true,"cssSelectorAllowlist":["*"]},"thrashedCursor":{"enabled":true},"errorClicks":{"enabled":true,"cssSelectorAllowlist":["input[type=\"button\"]","input[type=\"submit\"]","input[type=\"reset\"]","input[type=\"image\"]","input[type=\"file\"]","a","button","[role=\"button\"]","[role=\"link\"]","[role=\"menuitem\"]","[role=\"menuitemcheckbox\"]","[role=\"menuitemradio\"]","[role=\"option\"]","[role=\"tab\"]","[role=\"treeitem\"]","[contenteditable=\"true\" i]"]},"enabled":true},"pageViews":true,"elementInteractions":{"pageUrlAllowlistRegex":[],"actionClickAllowlist":["div","span","h1","h2","h3","h4","h5","h6"],"viewportContentUpdated":{"enabled":true,"exposureDuration":150},"pageUrlAllowlist":["https://mindgracencr.in"],"cssSelectorAllowlist":["a","button","input","select","textarea","label","video","audio","[contenteditable=\"true\" i]","[data-amp-default-track]",".amp-default-track"],"dataAttributePrefix":"data-amp-track-"},"fileDownloads":true,"webVitals":{"enabled":true},"formInteractions":true}}}}},"lastFetch":"2026-09-29T17:38:02.031Z"} @ http://127.0.0.1:4321/assets/vendor/min/amplitude-2.47.0.min.js:0
[    3188ms] [LOG] Amplitude Logger [Debug]: Remote config client subscription all mode fetched from cache: {"remoteConfig":{"configs":{"diagnostics":{"browserSDK":{"sampleRate":0.02}},"sessionReplay":{},"analyticsSDK":{"browserSDK":{"autocapture":{"sessions":true,"networkTracking":{"captureRules":[{"responseBody":{"allowlist":[],"excludelist":[]},"requestHeaders":{"allowlist":[],"captureSafeHeaders":true},"responseHeaders":{"allowlist":[],"captureSafeHeaders":true},"statusCodeRange":"500-599","requestBody":{"allowlist":[],"excludelist":[]},"hosts":["*"]}],"ignoreAmplitudeRequests":true,"enabled":true},"frustrationInteractions":{"deadClick":{"enabled":true,"cssSelectorAllowlist":["input[type=\"button\"]","input[type=\"submit\"]","input[type=\"reset\"]","input[type=\"image\"]","input[type=\"file\"]","a","button","[role=\"button\"]","[role=\"link\"]","[role=\"menuitem\"]","[role=\"menuitemcheckbox\"]","[role=\"menuitemradio\"]","[role=\"option\"]","[role=\"tab\"]","[role=\"treeitem\"]","[contenteditable=\"true\" i]"]},"rageClick":{"enabled":true,"cssSelectorAllowlist":["*"]},"thrashedCursor":{"enabled":true},"errorClicks":{"enabled":true,"cssSelectorAllowlist":["input[type=\"button\"]","input[type=\"submit\"]","input[type=\"reset\"]","input[type=\"image\"]","input[type=\"file\"]","a","button","[role=\"button\"]","[role=\"link\"]","[role=\"menuitem\"]","[role=\"menuitemcheckbox\"]","[role=\"menuitemradio\"]","[role=\"option\"]","[role=\"tab\"]","[role=\"treeitem\"]","[contenteditable=\"true\" i]"]},"enabled":true},"pageViews":true,"elementInteractions":{"pageUrlAllowlistRegex":[],"actionClickAllowlist":["div","span","h1","h2","h3","h4","h5","h6"],"viewportContentUpdated":{"enabled":true,"exposureDuration":150},"pageUrlAllowlist":["https://mindgracencr.in"],"cssSelectorAllowlist":["a","button","input","select","textarea","label","video","audio","[contenteditable=\"true\" i]","[data-amp-default-track]",".amp-default-track"],"dataAttributePrefix":"data-amp-track-"},"fileDownloads":true,"webVitals":{"enabled":true},"formInteractions":true}}}}},"lastFetch":"2026-09-29T17:38:02.031Z"} @ http://127.0.0.1:4321/assets/vendor/min/amplitude-2.47.0.min.js:0
[    3189ms] [LOG] Amplitude Logger [Debug]: @amplitude/element-selector: remote-config delivery (source=cache) null @ http://127.0.0.1:4321/assets/vendor/min/amplitude-2.47.0.min.js:0
[    3189ms] [LOG] Amplitude Logger [Debug]: Adding network tracking plugin @ http://127.0.0.1:4321/assets/vendor/min/amplitude-2.47.0.min.js:0
[    3200ms] [LOG] Amplitude Logger [Log]: @amplitude/plugin-network-capture-browser has been successfully added. @ http://127.0.0.1:4321/assets/vendor/min/amplitude-2.47.0.min.js:0
[    3201ms] [LOG] Amplitude Logger [Debug]: Remote config client subscription all mode fetched from cache: {"remoteConfig":{"configs":{"diagnostics":{"browserSDK":{"sampleRate":0.02}},"sessionReplay":{},"analyticsSDK":{"browserSDK":{"autocapture":{"sessions":true,"networkTracking":{"captureRules":[{"responseBody":{"allowlist":[],"excludelist":[]},"requestHeaders":{"allowlist":[],"captureSafeHeaders":true},"responseHeaders":{"allowlist":[],"captureSafeHeaders":true},"statusCodeRange":"500-599","requestBody":{"allowlist":[],"excludelist":[]},"hosts":["*"]}],"ignoreAmplitudeRequests":true,"enabled":true},"frustrationInteractions":{"deadClick":{"enabled":true,"cssSelectorAllowlist":["input[type=\"button\"]","input[type=\"submit\"]","input[type=\"reset\"]","input[type=\"image\"]","input[type=\"file\"]","a","button","[role=\"button\"]","[role=\"link\"]","[role=\"menuitem\"]","[role=\"menuitemcheckbox\"]","[role=\"menuitemradio\"]","[role=\"option\"]","[role=\"tab\"]","[role=\"treeitem\"]","[contenteditable=\"true\" i]"]},"rageClick":{"enabled":true,"cssSelectorAllowlist":["*"]},"thrashedCursor":{"enabled":true},"errorClicks":{"enabled":true,"cssSelectorAllowlist":["input[type=\"button\"]","input[type=\"submit\"]","input[type=\"reset\"]","input[type=\"image\"]","input[type=\"file\"]","a","button","[role=\"button\"]","[role=\"link\"]","[role=\"menuitem\"]","[role=\"menuitemcheckbox\"]","[role=\"menuitemradio\"]","[role=\"option\"]","[role=\"tab\"]","[role=\"treeitem\"]","[contenteditable=\"true\" i]"]},"enabled":true},"pageViews":true,"elementInteractions":{"pageUrlAllowlistRegex":[],"actionClickAllowlist":["div","span","h1","h2","h3","h4","h5","h6"],"viewportContentUpdated":{"enabled":true,"exposureDuration":150},"pageUrlAllowlist":["https://mindgracencr.in"],"cssSelectorAllowlist":["a","button","input","select","textarea","label","video","audio","[contenteditable=\"true\" i]","[data-amp-default-track]",".amp-default-track"],"dataAttributePrefix":"data-amp-track-"},"fileDownloads":true,"webVitals":{"enabled":true},"formInteractions":true}}}}},"lastFetch":"2026-09-29T17:38:02.031Z"} @ http://127.0.0.1:4321/assets/vendor/min/amplitude-2.47.0.min.js:0
[    3201ms] [LOG] Amplitude Logger [Debug]: @amplitude/element-selector: remote-config delivery (source=cache) null @ http://127.0.0.1:4321/assets/vendor/min/amplitude-2.47.0.min.js:0
[    3201ms] [LOG] Amplitude Logger [Debug]: Adding web vitals plugin @ http://127.0.0.1:4321/assets/vendor/min/amplitude-2.47.0.min.js:0
[    3207ms] [LOG] Amplitude Logger [Debug]: Adding referrer page url plugin @ http://127.0.0.1:4321/assets/vendor/min/amplitude-2.47.0.min.js:0
[    3209ms] [LOG] Amplitude Logger [Log]: Installing @amplitude/plugin-page-url-enrichment-browser @ http://127.0.0.1:4321/assets/vendor/min/amplitude-2.47.0.min.js:0
[    3211ms] [LOG] Amplitude Logger [Debug]: Remote config client subscription all mode fetched from remote: {"remoteConfig":{"configs":{"diagnostics":{"browserSDK":{"sampleRate":0.02}},"sessionReplay":{},"analyticsSDK":{"browserSDK":{"autocapture":{"sessions":true,"networkTracking":{"captureRules":[{"responseBody":{"allowlist":[],"excludelist":[]},"requestHeaders":{"allowlist":[],"captureSafeHeaders":true},"responseHeaders":{"allowlist":[],"captureSafeHeaders":true},"statusCodeRange":"500-599","requestBody":{"allowlist":[],"excludelist":[]},"hosts":["*"]}],"ignoreAmplitudeRequests":true,"enabled":true},"frustrationInteractions":{"deadClick":{"enabled":true,"cssSelectorAllowlist":["input[type=\"button\"]","input[type=\"submit\"]","input[type=\"reset\"]","input[type=\"image\"]","input[type=\"file\"]","a","button","[role=\"button\"]","[role=\"link\"]","[role=\"menuitem\"]","[role=\"menuitemcheckbox\"]","[role=\"menuitemradio\"]","[role=\"option\"]","[role=\"tab\"]","[role=\"treeitem\"]","[contenteditable=\"true\" i]"]},"rageClick":{"enabled":true,"cssSelectorAllowlist":["*"]},"thrashedCursor":{"enabled":true},"errorClicks":{"enabled":true,"cssSelectorAllowlist":["input[type=\"button\"]","input[type=\"submit\"]","input[type=\"reset\"]","input[type=\"image\"]","input[type=\"file\"]","a","button","[role=\"button\"]","[role=\"link\"]","[role=\"menuitem\"]","[role=\"menuitemcheckbox\"]","[role=\"menuitemradio\"]","[role=\"option\"]","[role=\"tab\"]","[role=\"treeitem\"]","[contenteditable=\"true\" i]"]},"enabled":true},"pageViews":true,"elementInteractions":{"pageUrlAllowlistRegex":[],"actionClickAllowlist":["div","span","h1","h2","h3","h4","h5","h6"],"viewportContentUpdated":{"enabled":true,"exposureDuration":150},"pageUrlAllowlist":["https://mindgracencr.in"],"cssSelectorAllowlist":["a","button","input","select","textarea","label","video","audio","[contenteditable=\"true\" i]","[data-amp-default-track]",".amp-default-track"],"dataAttributePrefix":"data-amp-track-"},"fileDownloads":true,"webVitals":{"enabled":true},"formInteractions":true}}}}},"lastFetch":"2026-09-29T17:38:02.182Z"} @ http://127.0.0.1:4321/assets/vendor/min/amplitude-2.47.0.min.js:0
[    3212ms] [LOG] Amplitude Logger [Debug]: Remote configuration received: {
  "remoteConfig": {
    "autocapture": {
      "sessions": true,
      "networkTracking": {
        "captureRules": [
          {
            "responseBody": {
              "allowlist": [],
              "excludelist": []
            },
            "requestHeaders": {
              "allowlist": [],
              "captureSafeHeaders": true
            },
            "responseHeaders": {
              "allowlist": [],
              "captureSafeHeaders": true
            },
            "statusCodeRange": "500-599",
            "requestBody": {
              "allowlist": [],
              "excludelist": []
            },
            "hosts": [
              "*"
            ]
          }
        ],
        "ignoreAmplitudeRequests": true,
        "enabled": true
      },
      "frustrationInteractions": {
        "deadClick": {
          "enabled": true,
          "cssSelectorAllowlist": [
            "input[type=\"button\"]",
            "input[type=\"submit\"]",
            "input[type=\"reset\"]",
            "input[type=\"image\"]",
            "input[type=\"file\"]",
            "a",
            "button",
            "[role=\"button\"]",
            "[role=\"link\"]",
            "[role=\"menuitem\"]",
            "[role=\"menuitemcheckbox\"]",
            "[role=\"menuitemradio\"]",
            "[role=\"option\"]",
            "[role=\"tab\"]",
            "[role=\"treeitem\"]",
            "[contenteditable=\"true\" i]"
          ]
        },
        "rageClick": {
          "enabled": true,
          "cssSelectorAllowlist": [
            "*"
          ]
        },
        "thrashedCursor": {
          "enabled": true
        },
        "errorClicks": {
          "enabled": true,
          "cssSelectorAllowlist": [
            "input[type=\"button\"]",
            "input[type=\"submit\"]",
            "input[type=\"reset\"]",
            "input[type=\"image\"]",
            "input[type=\"file\"]",
            "a",
            "button",
            "[role=\"button\"]",
            "[role=\"link\"]",
            "[role=\"menuitem\"]",
            "[role=\"menuitemcheckbox\"]",
            "[role=\"menuitemradio\"]",
            "[role=\"option\"]",
            "[role=\"tab\"]",
            "[role=\"treeitem\"]",
            "[contenteditable=\"true\" i]"
          ]
        },
        "enabled": true
      },
      "pageViews": true,
      "elementInteractions": {
        "pageUrlAllowlistRegex": [],
        "actionClickAllowlist": [
          "div",
          "span",
          "h1",
          "h2",
          "h3",
          "h4",
          "h5",
          "h6"
        ],
        "viewportContentUpdated": {
          "enabled": true,
          "exposureDuration": 150
        },
        "pageUrlAllowlist": [
          "https://mindgracencr.in"
        ],
        "cssSelectorAllowlist": [
          "a",
          "button",
          "input",
          "select",
          "textarea",
          "label",
          "video",
          "audio",
          "[contenteditable=\"true\" i]",
          "[data-amp-default-track]",
          ".amp-default-track"
        ],
        "dataAttributePrefix": "data-amp-track-"
      },
      "fileDownloads": true,
      "webVitals": {
        "enabled": true
      },
      "formInteractions": true
    }
  },
  "source": "remote",
  "lastFetch": "2026-09-29T17:38:02.182Z"
} @ http://127.0.0.1:4321/assets/vendor/min/amplitude-2.47.0.min.js:0
[    3213ms] [LOG] Amplitude Logger [Debug]: Update browser config with remote configuration: {"autocapture":{"sessions":true,"networkTracking":{"captureRules":[{"responseBody":{"allowlist":[],"excludelist":[]},"requestHeaders":["access-control-allow-origin","access-control-allow-credentials","access-control-expose-headers","access-control-max-age","access-control-allow-methods","access-control-allow-headers","accept-patch","accept-ranges","age","allow","alt-svc","cache-control","connection","content-disposition","content-encoding","content-language","content-length","content-location","content-md5","content-range","content-type","date","delta-base","etag","expires","im","last-modified","link","location","permanent","p3p","pragma","proxy-authenticate","public-key-pins","retry-after","server","status","strict-transport-security","trailer","transfer-encoding","tk","upgrade","vary","via","warning","www-authenticate","x-b3-traceid","x-frame-options"],"responseHeaders":["access-control-allow-origin","access-control-allow-credentials","access-control-expose-headers","access-control-max-age","access-control-allow-methods","access-control-allow-headers","accept-patch","accept-ranges","age","allow","alt-svc","cache-control","connection","content-disposition","content-encoding","content-language","content-length","content-location","content-md5","content-range","content-type","date","delta-base","etag","expires","im","last-modified","link","location","permanent","p3p","pragma","proxy-authenticate","public-key-pins","retry-after","server","status","strict-transport-security","trailer","transfer-encoding","tk","upgrade","vary","via","warning","www-authenticate","x-b3-traceid","x-frame-options"],"statusCodeRange":"500-599","requestBody":{"allowlist":[],"excludelist":[]},"hosts":["*"]}],"ignoreAmplitudeRequests":true},"frustrationInteractions":{"thrashedCursor":true,"errorClicks":{"cssSelectorAllowlist":["input[type=\"button\"]","input[type=\"submit\"]","input[type=\"reset\"]","input[type=\"image\"]","input[type=\"file\"]","a","button","[role=\"button\"]","[role=\"link\"]","[role=\"menuitem\"]","[role=\"menuitemcheckbox\"]","[role=\"menuitemradio\"]","[role=\"option\"]","[role=\"tab\"]","[role=\"treeitem\"]","[contenteditable=\"true\" i]"]},"rageClicks":{"cssSelectorAllowlist":["*"]},"deadClicks":{"cssSelectorAllowlist":["input[type=\"button\"]","input[type=\"submit\"]","input[type=\"reset\"]","input[type=\"image\"]","input[type=\"file\"]","a","button","[role=\"button\"]","[role=\"link\"]","[role=\"menuitem\"]","[role=\"menuitemcheckbox\"]","[role=\"menuitemradio\"]","[role=\"option\"]","[role=\"tab\"]","[role=\"treeitem\"]","[contenteditable=\"true\" i]"]}},"pageViews":true,"elementInteractions":{"pageUrlAllowlistRegex":[],"actionClickAllowlist":["div","span","h1","h2","h3","h4","h5","h6"],"viewportContentUpdated":{"exposureDuration":150},"pageUrlAllowlist":["https://mindgracencr.in"],"cssSelectorAllowlist":["a","button","input","select","textarea","label","video","audio","[contenteditable=\"true\" i]","[data-amp-default-track]",".amp-default-track"],"dataAttributePrefix":"data-amp-track-"},"fileDownloads":true,"webVitals":true,"formInteractions":true,"screenViews":true}} @ http://127.0.0.1:4321/assets/vendor/min/amplitude-2.47.0.min.js:0
[    3214ms] [LOG] Amplitude Logger [Debug]: Browser config after remote config update: {"_optOut":false,"apiKey":"bcd984f11210e7e9d3f74d505271cf04","flushIntervalMillis":1000,"flushMaxRetries":5,"flushQueueSize":30,"instanceName":"$default_instance","loggerProvider":{"logLevel":"Debug"},"logLevel":"Debug","offline":false,"serverUrl":"","serverZone":"US","storageProvider":{"storage":{"AMP_remote_config_bcd984f112":"{\"remoteConfig\":{\"configs\":{\"diagnostics\":{\"browserSDK\":{\"sampleRate\":0.02}},\"sessionReplay\":{},\"analyticsSDK\":{\"browserSDK\":{\"autocapture\":{\"sessions\":true,\"networkTracking\":{\"captureRules\":[{\"responseBody\":{\"allowlist\":[],\"excludelist\":[]},\"requestHeaders\":{\"allowlist\":[],\"captureSafeHeaders\":true},\"responseHeaders\":{\"allowlist\":[],\"captureSafeHeaders\":true},\"statusCodeRange\":\"500-599\",\"requestBody\":{\"allowlist\":[],\"excludelist\":[]},\"hosts\":[\"*\"]}],\"ignoreAmplitudeRequests\":true,\"enabled\":true},\"frustrationInteractions\":{\"deadClick\":{\"enabled\":true,\"cssSelectorAllowlist\":[\"input[type=\\\"button\\\"]\",\"input[type=\\\"submit\\\"]\",\"input[type=\\\"reset\\\"]\",\"input[type=\\\"image\\\"]\",\"input[type=\\\"file\\\"]\",\"a\",\"button\",\"[role=\\\"button\\\"]\",\"[role=\\\"link\\\"]\",\"[role=\\\"menuitem\\\"]\",\"[role=\\\"menuitemcheckbox\\\"]\",\"[role=\\\"menuitemradio\\\"]\",\"[role=\\\"option\\\"]\",\"[role=\\\"tab\\\"]\",\"[role=\\\"treeitem\\\"]\",\"[contenteditable=\\\"true\\\" i]\"]},\"rageClick\":{\"enabled\":true,\"cssSelectorAllowlist\":[\"*\"]},\"thrashedCursor\":{\"enabled\":true},\"errorClicks\":{\"enabled\":true,\"cssSelectorAllowlist\":[\"input[type=\\\"button\\\"]\",\"input[type=\\\"submit\\\"]\",\"input[type=\\\"reset\\\"]\",\"input[type=\\\"image\\\"]\",\"input[type=\\\"file\\\"]\",\"a\",\"button\",\"[role=\\\"button\\\"]\",\"[role=\\\"link\\\"]\",\"[role=\\\"menuitem\\\"]\",\"[role=\\\"menuitemcheckbox\\\"]\",\"[role=\\\"menuitemradio\\\"]\",\"[role=\\\"option\\\"]\",\"[role=\\\"tab\\\"]\",\"[role=\\\"treeitem\\\"]\",\"[contenteditable=\\\"true\\\" i]\"]},\"enabled\":true},\"pageViews\":true,\"elementInteractions\":{\"pageUrlAllowlistRegex\":[],\"actionClickAllowlist\":[\"div\",\"span\",\"h1\",\"h2\",\"h3\",\"h4\",\"h5\",\"h6\"],\"viewportContentUpdated\":{\"enabled\":true,\"exposureDuration\":150},\"pageUrlAllowlist\":[\"https://mindgracencr.in\"],\"cssSelectorAllowlist\":[\"a\",\"button\",\"input\",\"select\",\"textarea\",\"label\",\"video\",\"audio\",\"[contenteditable=\\\"true\\\" i]\",\"[data-amp-default-track]\",\".amp-default-track\"],\"dataAttributePrefix\":\"data-amp-track-\"},\"fileDownloads\":true,\"webVitals\":{\"enabled\":true},\"formInteractions\":true}}}}},\"lastFetch\":\"2026-09-29T17:38:02.031Z\"}"},"loggerProvider":{"logLevel":"Debug"}},"transportProvider":{"customHeaders":{},"enableKeepalive":true},"useBatch":false,"cookieOptions":{"domain":".127.0.0.1","expiration":365,"sameSite":"Lax","secure":false,"upgrade":true},"defaultTracking":{"pageViews":true,"sessions":true,"formInteractions":true,"fileDownloads":true,"elementInteractions":{"pageUrlAllowlistRegex":[],"actionClickAllowlist":["div","span","h1","h2","h3","h4","h5","h6"],"viewportContentUpdated":{"exposureDuration":150},"pageUrlAllowlist":["https://mindgracencr.in"],"cssSelectorAllowlist":["a","button","input","select","textarea","label","video","audio","[contenteditable=\"true\" i]","[data-amp-default-track]",".amp-default-track"],"dataAttributePrefix":"data-amp-track-"},"frustrationInteractions":{"thrashedCursor":true,"errorClicks":{"cssSelectorAllowlist":["input[type=\"button\"]","input[type=\"submit\"]","input[type=\"reset\"]","input[type=\"image\"]","input[type=\"file\"]","a","button","[role=\"button\"]","[role=\"link\"]","[role=\"menuitem\"]","[role=\"menuitemcheckbox\"]","[role=\"menuitemradio\"]","[role=\"option\"]","[role=\"tab\"]","[role=\"treeitem\"]","[contenteditable=\"true\" i]"]},"rageClicks":{"cssSelectorAllowlist":["*"]},"deadClicks":{"cssSelectorAllowlist":["input[type=\"button\"]","input[type=\"submit\"]","input[type=\"reset\"]","input[type=\"image\"]","input[type=\"file\"]","a","button","[role=\"button\"]","[role=\"link\"]","[role=\"menuitem\"]","[role=\"menuitemcheckbox\"]","[role=\"menuitemradio\"]","[role=\"option\"]","[role=\"tab\"]","[role=\"treeitem\"]","[contenteditable=\"true\" i]"]}},"networkTracking":{"captureRules":[{"responseBody":{"allowlist":[],"excludelist":[]},"requestHeaders":["access-control-allow-origin","access-control-allow-credentials","access-control-expose-headers","access-control-max-age","access-control-allow-methods","access-control-allow-headers","accept-patch","accept-ranges","age","allow","alt-svc","cache-control","connection","content-disposition","content-encoding","content-language","content-length","content-location","content-md5","content-range","content-type","date","delta-base","etag","expires","im","last-modified","link","location","permanent","p3p","pragma","proxy-authenticate","public-key-pins","retry-after","server","status","strict-transport-security","trailer","transfer-encoding","tk","upgrade","vary","via","warning","www-authenticate","x-b3-traceid","x-frame-options"],"responseHeaders":["access-control-allow-origin","access-control-allow-credentials","access-control-expose-headers","access-control-max-age","access-control-allow-methods","access-control-allow-headers","accept-patch","accept-ranges","age","allow","alt-svc","cache-control","connection","content-disposition","content-encoding","content-language","content-length","content-location","content-md5","content-range","content-type","date","delta-base","etag","expires","im","last-modified","link","location","permanent","p3p","pragma","proxy-authenticate","public-key-pins","retry-after","server","status","strict-transport-security","trailer","transfer-encoding","tk","upgrade","vary","via","warning","www-authenticate","x-b3-traceid","x-frame-options"],"statusCodeRange":"500-599","requestBody":{"allowlist":[],"excludelist":[]},"hosts":["*"],"urls":[]}],"ignoreAmplitudeRequests":true},"webVitals":true,"screenViews":true},"autocapture":{"pageViews":true,"sessions":true,"formInteractions":true,"fileDownloads":true,"elementInteractions":{"pageUrlAllowlistRegex":[],"actionClickAllowlist":["div","span","h1","h2","h3","h4","h5","h6"],"viewportContentUpdated":{"exposureDuration":150},"pageUrlAllowlist":["https://mindgracencr.in"],"cssSelectorAllowlist":["a","button","input","select","textarea","label","video","audio","[contenteditable=\"true\" i]","[data-amp-default-track]",".amp-default-track"],"dataAttributePrefix":"data-amp-track-"},"frustrationInteractions":{"thrashedCursor":true,"errorClicks":{"cssSelectorAllowlist":["input[type=\"button\"]","input[type=\"submit\"]","input[type=\"reset\"]","input[type=\"image\"]","input[type=\"file\"]","a","button","[role=\"button\"]","[role=\"link\"]","[role=\"menuitem\"]","[role=\"menuitemcheckbox\"]","[role=\"menuitemradio\"]","[role=\"option\"]","[role=\"tab\"]","[role=\"treeitem\"]","[contenteditable=\"true\" i]"]},"rageClicks":{"cssSelectorAllowlist":["*"]},"deadClicks":{"cssSelectorAllowlist":["input[type=\"button\"]","input[type=\"submit\"]","input[type=\"reset\"]","input[type=\"image\"]","input[type=\"file\"]","a","button","[role=\"button\"]","[role=\"link\"]","[role=\"menuitem\"]","[role=\"menuitemcheckbox\"]","[role=\"menuitemradio\"]","[role=\"option\"]","[role=\"tab\"]","[role=\"treeitem\"]","[contenteditable=\"true\" i]"]}},"networkTracking":{"captureRules":[{"responseBody":{"allowlist":[],"excludelist":[]},"requestHeaders":["access-control-allow-origin","access-control-allow-credentials","access-control-expose-headers","access-control-max-age","access-control-allow-methods","access-control-allow-headers","accept-patch","accept-ranges","age","allow","alt-svc","cache-control","connection","content-disposition","content-encoding","content-language","content-length","content-location","content-md5","content-range","content-type","date","delta-base","etag","expires","im","last-modified","link","location","permanent","p3p","pragma","proxy-authenticate","public-key-pins","retry-after","server","status","strict-transport-security","trailer","transfer-encoding","tk","upgrade","vary","via","warning","www-authenticate","x-b3-traceid","x-frame-options"],"responseHeaders":["access-control-allow-origin","access-control-allow-credentials","access-control-expose-headers","access-control-max-age","access-control-allow-methods","access-control-allow-headers","accept-patch","accept-ranges","age","allow","alt-svc","cache-control","connection","content-disposition","content-encoding","content-language","content-length","content-location","content-md5","content-range","content-type","date","delta-base","etag","expires","im","last-modified","link","location","permanent","p3p","pragma","proxy-authenticate","public-key-pins","retry-after","server","status","strict-transport-security","trailer","transfer-encoding","tk","upgrade","vary","via","warning","www-authenticate","x-b3-traceid","x-frame-options"],"statusCodeRange":"500-599","requestBody":{"allowlist":[],"excludelist":[]},"hosts":["*"],"urls":[]}],"ignoreAmplitudeRequests":true},"webVitals":true,"screenViews":true},"identityStorage":"cookie","sessionTimeout":1800000,"trackingOptions":{"ipAddress":true,"language":true,"platform":true},"transport":"fetch","fetchRemoteConfig":true,"enableDiagnostics":true,"diagnosticsSampleRate":0.02,"diagnosticsClient":{"inMemoryTags":{},"inMemoryCounters":{},"inMemoryHistograms":{},"inMemoryEvents":[],"saveTimer":null,"flushTimer":126,"apiKey":"bcd984f11210e7e9d3f74d505271cf04","logger":{"logLevel":"Debug"},"serverUrl":"https://diagnostics.prod.us-west-2.amplitude.com/v1/capture","config":{"enabled":true,"sampleRate":0.02},"startTimestamp":1790703482035,"shouldTrack":false,"storage":{"dbPromise":{},"logger":{"logLevel":"Debug"},"dbName":"AMP_diagnostics_bcd984f112"}},"remoteConfig":{"fetchRemoteConfig":true},"topLevelDomain":".127.0.0.1","enableRequestBodyCompression":false,"version":"2.47.0","_cookieStorage":{"options":{"domain":".127.0.0.1","expiration":365,"sameSite":"Lax","secure":false,"upgrade":true,"expirationDays":365},"config":{"diagnosticsClient":{"inMemoryTags":{},"inMemoryCounters":{},"inMemoryHistograms":{},"inMemoryEvents":[],"saveTimer":null,"flushTimer":126,"apiKey":"bcd984f11210e7e9d3f74d505271cf04","logger":{"logLevel":"Debug"},"serverUrl":"https://diagnostics.prod.us-west-2.amplitude.com/v1/capture","config":{"enabled":true,"sampleRate":0.02},"startTimestamp":1790703482035,"shouldTrack":false,"storage":{"dbPromise":{},"logger":{"logLevel":"Debug"},"dbName":"AMP_diagnostics_bcd984f112"}}}},"_deviceId":"b282c4d7-b612-49ef-aabe-db35a5e63402","remoteConfigClient":{"callbackInfos":[{"id":"7f8135ea-edbd-4f03-9ce8-475835979276","key":"configs.diagnostics.browserSDK","deliveryMode":"all","lastCallback":"2026-09-29T17:38:02.033Z"},{"id":"5ccc7ad9-bbf7-47d8-a440-7e3daf9b752c","key":"configs.analyticsSDK.browserSDK","deliveryMode":"all","lastCallback":"2026-09-29T17:38:02.183Z"},{"id":"3f27ee1b-c19d-487a-8b63-bda93440d5ea","key":"configs.analyticsSDK.pageActions","deliveryMode":"all","lastCallback":"2026-09-29T17:38:02.159Z"},{"id":"d3e645eb-27f2-4f58-bcfb-244ec63c2e14","key":"configs.analyticsSDK.browserSDK.autocapture.elementSelector","deliveryMode":"all","lastCallback":"2026-09-29T17:38:02.160Z"},{"id":"8499658d-fc1e-401d-bcb9-119b95f7f95a","key":"configs.analyticsSDK.browserSDK.autocapture.elementSelector","deliveryMode":"all","lastCallback":"2026-09-29T17:38:02.172Z"}],"lastSuccessfulFetch":1790703482183,"fetchPromise":null,"isLastFetchInvalidApiKey":false,"apiKey":"bcd984f11210e7e9d3f74d505271cf04","configGroup":"browser","serverUrl":"https://sr-client-cfg.amplitude.com/config","logger":{"logLevel":"Debug"},"storage":{"key":"AMP_remote_config_bcd984f112","logger":{"logLevel":"Debug"},"isSupported":true}},"_sessionId":1790703482107,"_pageCounter":0,"_lastEventTime":1790703482107} @ http://127.0.0.1:4321/assets/vendor/min/amplitude-2.47.0.min.js:0
[    3215ms] [LOG] Amplitude Logger [Debug]: Remote config localstorage set successfully. @ http://127.0.0.1:4321/assets/vendor/min/amplitude-2.47.0.min.js:0
[    3215ms] [LOG] Amplitude Logger [Debug]: Remote config client subscription all mode fetched from remote: {"remoteConfig":{"configs":{"diagnostics":{"browserSDK":{"sampleRate":0.02}},"sessionReplay":{},"analyticsSDK":{"browserSDK":{"autocapture":{"sessions":true,"networkTracking":{"captureRules":[{"responseBody":{"allowlist":[],"excludelist":[]},"requestHeaders":["access-control-allow-origin","access-control-allow-credentials","access-control-expose-headers","access-control-max-age","access-control-allow-methods","access-control-allow-headers","accept-patch","accept-ranges","age","allow","alt-svc","cache-control","connection","content-disposition","content-encoding","content-language","content-length","content-location","content-md5","content-range","content-type","date","delta-base","etag","expires","im","last-modified","link","location","permanent","p3p","pragma","proxy-authenticate","public-key-pins","retry-after","server","status","strict-transport-security","trailer","transfer-encoding","tk","upgrade","vary","via","warning","www-authenticate","x-b3-traceid","x-frame-options"],"responseHeaders":["access-control-allow-origin","access-control-allow-credentials","access-control-expose-headers","access-control-max-age","access-control-allow-methods","access-control-allow-headers","accept-patch","accept-ranges","age","allow","alt-svc","cache-control","connection","content-disposition","content-encoding","content-language","content-length","content-location","content-md5","content-range","content-type","date","delta-base","etag","expires","im","last-modified","link","location","permanent","p3p","pragma","proxy-authenticate","public-key-pins","retry-after","server","status","strict-transport-security","trailer","transfer-encoding","tk","upgrade","vary","via","warning","www-authenticate","x-b3-traceid","x-frame-options"],"statusCodeRange":"500-599","requestBody":{"allowlist":[],"excludelist":[]},"hosts":["*"],"urls":[]}],"ignoreAmplitudeRequests":true},"frustrationInteractions":{"thrashedCursor":true,"errorClicks":{"cssSelectorAllowlist":["input[type=\"button\"]","input[type=\"submit\"]","input[type=\"reset\"]","input[type=\"image\"]","input[type=\"file\"]","a","button","[role=\"button\"]","[role=\"link\"]","[role=\"menuitem\"]","[role=\"menuitemcheckbox\"]","[role=\"menuitemradio\"]","[role=\"option\"]","[role=\"tab\"]","[role=\"treeitem\"]","[contenteditable=\"true\" i]"]},"rageClicks":{"cssSelectorAllowlist":["*"]},"deadClicks":{"cssSelectorAllowlist":["input[type=\"button\"]","input[type=\"submit\"]","input[type=\"reset\"]","input[type=\"image\"]","input[type=\"file\"]","a","button","[role=\"button\"]","[role=\"link\"]","[role=\"menuitem\"]","[role=\"menuitemcheckbox\"]","[role=\"menuitemradio\"]","[role=\"option\"]","[role=\"tab\"]","[role=\"treeitem\"]","[contenteditable=\"true\" i]"]}},"pageViews":true,"elementInteractions":{"pageUrlAllowlistRegex":[],"actionClickAllowlist":["div","span","h1","h2","h3","h4","h5","h6"],"viewportContentUpdated":{"exposureDuration":150},"pageUrlAllowlist":["https://mindgracencr.in"],"cssSelectorAllowlist":["a","button","input","select","textarea","label","video","audio","[contenteditable=\"true\" i]","[data-amp-default-track]",".amp-default-track"],"dataAttributePrefix":"data-amp-track-"},"fileDownloads":true,"webVitals":true,"formInteractions":true,"screenViews":true}}}}},"lastFetch":"2026-09-29T17:38:02.182Z"} @ http://127.0.0.1:4321/assets/vendor/min/amplitude-2.47.0.min.js:0
[    3216ms] [LOG] Amplitude Logger [Debug]: Remote config localstorage set successfully. @ http://127.0.0.1:4321/assets/vendor/min/amplitude-2.47.0.min.js:0
[    3216ms] [LOG] Amplitude Logger [Debug]: Remote config client subscription all mode fetched from remote: {"remoteConfig":{"configs":{"diagnostics":{"browserSDK":{"sampleRate":0.02}},"sessionReplay":{},"analyticsSDK":{"browserSDK":{"autocapture":{"sessions":true,"networkTracking":{"captureRules":[{"responseBody":{"allowlist":[],"excludelist":[]},"requestHeaders":["access-control-allow-origin","access-control-allow-credentials","access-control-expose-headers","access-control-max-age","access-control-allow-methods","access-control-allow-headers","accept-patch","accept-ranges","age","allow","alt-svc","cache-control","connection","content-disposition","content-encoding","content-language","content-length","content-location","content-md5","content-range","content-type","date","delta-base","etag","expires","im","last-modified","link","location","permanent","p3p","pragma","proxy-authenticate","public-key-pins","retry-after","server","status","strict-transport-security","trailer","transfer-encoding","tk","upgrade","vary","via","warning","www-authenticate","x-b3-traceid","x-frame-options"],"responseHeaders":["access-control-allow-origin","access-control-allow-credentials","access-control-expose-headers","access-control-max-age","access-control-allow-methods","access-control-allow-headers","accept-patch","accept-ranges","age","allow","alt-svc","cache-control","connection","content-disposition","content-encoding","content-language","content-length","content-location","content-md5","content-range","content-type","date","delta-base","etag","expires","im","last-modified","link","location","permanent","p3p","pragma","proxy-authenticate","public-key-pins","retry-after","server","status","strict-transport-security","trailer","transfer-encoding","tk","upgrade","vary","via","warning","www-authenticate","x-b3-traceid","x-frame-options"],"statusCodeRange":"500-599","requestBody":{"allowlist":[],"excludelist":[]},"hosts":["*"],"urls":[]}],"ignoreAmplitudeRequests":true},"frustrationInteractions":{"thrashedCursor":true,"errorClicks":{"cssSelectorAllowlist":["input[type=\"button\"]","input[type=\"submit\"]","input[type=\"reset\"]","input[type=\"image\"]","input[type=\"file\"]","a","button","[role=\"button\"]","[role=\"link\"]","[role=\"menuitem\"]","[role=\"menuitemcheckbox\"]","[role=\"menuitemradio\"]","[role=\"option\"]","[role=\"tab\"]","[role=\"treeitem\"]","[contenteditable=\"true\" i]"]},"rageClicks":{"cssSelectorAllowlist":["*"]},"deadClicks":{"cssSelectorAllowlist":["input[type=\"button\"]","input[type=\"submit\"]","input[type=\"reset\"]","input[type=\"image\"]","input[type=\"file\"]","a","button","[role=\"button\"]","[role=\"link\"]","[role=\"menuitem\"]","[role=\"menuitemcheckbox\"]","[role=\"menuitemradio\"]","[role=\"option\"]","[role=\"tab\"]","[role=\"treeitem\"]","[contenteditable=\"true\" i]"]}},"pageViews":true,"elementInteractions":{"pageUrlAllowlistRegex":[],"actionClickAllowlist":["div","span","h1","h2","h3","h4","h5","h6"],"viewportContentUpdated":{"exposureDuration":150},"pageUrlAllowlist":["https://mindgracencr.in"],"cssSelectorAllowlist":["a","button","input","select","textarea","label","video","audio","[contenteditable=\"true\" i]","[data-amp-default-track]",".amp-default-track"],"dataAttributePrefix":"data-amp-track-"},"fileDownloads":true,"webVitals":true,"formInteractions":true,"screenViews":true}}}}},"lastFetch":"2026-09-29T17:38:02.182Z"} @ http://127.0.0.1:4321/assets/vendor/min/amplitude-2.47.0.min.js:0
[    3216ms] [LOG] Amplitude Logger [Debug]: @amplitude/element-selector: remote-config delivery (source=remote) null @ http://127.0.0.1:4321/assets/vendor/min/amplitude-2.47.0.min.js:0
[    3217ms] [LOG] Amplitude Logger [Debug]: Remote config localstorage set successfully. @ http://127.0.0.1:4321/assets/vendor/min/amplitude-2.47.0.min.js:0
[    3217ms] [LOG] Amplitude Logger [Debug]: Remote config client subscription all mode fetched from remote: {"remoteConfig":{"configs":{"diagnostics":{"browserSDK":{"sampleRate":0.02}},"sessionReplay":{},"analyticsSDK":{"browserSDK":{"autocapture":{"sessions":true,"networkTracking":{"captureRules":[{"responseBody":{"allowlist":[],"excludelist":[]},"requestHeaders":["access-control-allow-origin","access-control-allow-credentials","access-control-expose-headers","access-control-max-age","access-control-allow-methods","access-control-allow-headers","accept-patch","accept-ranges","age","allow","alt-svc","cache-control","connection","content-disposition","content-encoding","content-language","content-length","content-location","content-md5","content-range","content-type","date","delta-base","etag","expires","im","last-modified","link","location","permanent","p3p","pragma","proxy-authenticate","public-key-pins","retry-after","server","status","strict-transport-security","trailer","transfer-encoding","tk","upgrade","vary","via","warning","www-authenticate","x-b3-traceid","x-frame-options"],"responseHeaders":["access-control-allow-origin","access-control-allow-credentials","access-control-expose-headers","access-control-max-age","access-control-allow-methods","access-control-allow-headers","accept-patch","accept-ranges","age","allow","alt-svc","cache-control","connection","content-disposition","content-encoding","content-language","content-length","content-location","content-md5","content-range","content-type","date","delta-base","etag","expires","im","last-modified","link","location","permanent","p3p","pragma","proxy-authenticate","public-key-pins","retry-after","server","status","strict-transport-security","trailer","transfer-encoding","tk","upgrade","vary","via","warning","www-authenticate","x-b3-traceid","x-frame-options"],"statusCodeRange":"500-599","requestBody":{"allowlist":[],"excludelist":[]},"hosts":["*"],"urls":[]}],"ignoreAmplitudeRequests":true},"frustrationInteractions":{"thrashedCursor":true,"errorClicks":{"cssSelectorAllowlist":["input[type=\"button\"]","input[type=\"submit\"]","input[type=\"reset\"]","input[type=\"image\"]","input[type=\"file\"]","a","button","[role=\"button\"]","[role=\"link\"]","[role=\"menuitem\"]","[role=\"menuitemcheckbox\"]","[role=\"menuitemradio\"]","[role=\"option\"]","[role=\"tab\"]","[role=\"treeitem\"]","[contenteditable=\"true\" i]"]},"rageClicks":{"cssSelectorAllowlist":["*"]},"deadClicks":{"cssSelectorAllowlist":["input[type=\"button\"]","input[type=\"submit\"]","input[type=\"reset\"]","input[type=\"image\"]","input[type=\"file\"]","a","button","[role=\"button\"]","[role=\"link\"]","[role=\"menuitem\"]","[role=\"menuitemcheckbox\"]","[role=\"menuitemradio\"]","[role=\"option\"]","[role=\"tab\"]","[role=\"treeitem\"]","[contenteditable=\"true\" i]"]}},"pageViews":true,"elementInteractions":{"pageUrlAllowlistRegex":[],"actionClickAllowlist":["div","span","h1","h2","h3","h4","h5","h6"],"viewportContentUpdated":{"exposureDuration":150},"pageUrlAllowlist":["https://mindgracencr.in"],"cssSelectorAllowlist":["a","button","input","select","textarea","label","video","audio","[contenteditable=\"true\" i]","[data-amp-default-track]",".amp-default-track"],"dataAttributePrefix":"data-amp-track-"},"fileDownloads":true,"webVitals":true,"formInteractions":true,"screenViews":true}}}}},"lastFetch":"2026-09-29T17:38:02.182Z"} @ http://127.0.0.1:4321/assets/vendor/min/amplitude-2.47.0.min.js:0
[    3217ms] [LOG] Amplitude Logger [Debug]: @amplitude/element-selector: remote-config delivery (source=remote) null @ http://127.0.0.1:4321/assets/vendor/min/amplitude-2.47.0.min.js:0
[    3218ms] [LOG] Amplitude Logger [Debug]: Remote config localstorage set successfully. @ http://127.0.0.1:4321/assets/vendor/min/amplitude-2.47.0.min.js:0
[    3222ms] [LOG] Amplitude Logger [Log]: Timeline.apply: Initial event [object Object] @ http://127.0.0.1:4321/assets/vendor/min/amplitude-2.47.0.min.js:0
[    3224ms] [LOG] Amplitude Logger [Log]: Timeline.apply: Event after before plugin '@amplitude/plugin-context-browser', event: {"device_id":"b282c4d7-b612-49ef-aabe-db35a5e63402","session_id":1790703482107,"time":1790703482194,"platform":"Web","language":"en-US","ip":"$remote","insert_id":"3e0bc895-c2ed-4717-9afa-13b6bf3d4b8d","event_type":"$identify","user_properties":{"$setOnce":{"initial_utm_campaign":"EMPTY","initial_utm_content":"EMPTY","initial_utm_id":"EMPTY","initial_utm_medium":"EMPTY","initial_utm_source":"EMPTY","initial_utm_term":"EMPTY","initial_referrer":"EMPTY","initial_referring_domain":"EMPTY","initial_dclid":"EMPTY","initial_gbraid":"EMPTY","initial_gclid":"EMPTY","initial_fbclid":"EMPTY","initial_ko_click_id":"EMPTY","initial_li_fat_id":"EMPTY","initial_msclkid":"EMPTY","initial_rdt_cid":"EMPTY","initial_ttclid":"EMPTY","initial_twclid":"EMPTY","initial_wbraid":"EMPTY"},"$unset":{"utm_campaign":"-","utm_content":"-","utm_id":"-","utm_medium":"-","utm_source":"-","utm_term":"-","referrer":"-","referring_domain":"-","dclid":"-","gbraid":"-","gclid":"-","fbclid":"-","ko_click_id":"-","li_fat_id":"-","msclkid":"-","rdt_cid":"-","ttclid":"-","twclid":"-","wbraid":"-"}},"event_id":0,"library":"amplitude-ts/2.47.0","user_agent":"Mozilla/5.0 (Windows NT 10.0; Win64; x64) AppleWebKit/537.36 (KHTML, like Gecko) HeadlessChrome/148.0.0.0 Safari/537.36 Edg/148.0.0.0"} @ http://127.0.0.1:4321/assets/vendor/min/amplitude-2.47.0.min.js:0
[    3225ms] [LOG] Amplitude Logger [Log]: Timeline.apply: Event after before plugin 'identity', event: {"device_id":"b282c4d7-b612-49ef-aabe-db35a5e63402","session_id":1790703482107,"time":1790703482194,"platform":"Web","language":"en-US","ip":"$remote","insert_id":"3e0bc895-c2ed-4717-9afa-13b6bf3d4b8d","event_type":"$identify","user_properties":{"$setOnce":{"initial_utm_campaign":"EMPTY","initial_utm_content":"EMPTY","initial_utm_id":"EMPTY","initial_utm_medium":"EMPTY","initial_utm_source":"EMPTY","initial_utm_term":"EMPTY","initial_referrer":"EMPTY","initial_referring_domain":"EMPTY","initial_dclid":"EMPTY","initial_gbraid":"EMPTY","initial_gclid":"EMPTY","initial_fbclid":"EMPTY","initial_ko_click_id":"EMPTY","initial_li_fat_id":"EMPTY","initial_msclkid":"EMPTY","initial_rdt_cid":"EMPTY","initial_ttclid":"EMPTY","initial_twclid":"EMPTY","initial_wbraid":"EMPTY"},"$unset":{"utm_campaign":"-","utm_content":"-","utm_id":"-","utm_medium":"-","utm_source":"-","utm_term":"-","referrer":"-","referring_domain":"-","dclid":"-","gbraid":"-","gclid":"-","fbclid":"-","ko_click_id":"-","li_fat_id":"-","msclkid":"-","rdt_cid":"-","ttclid":"-","twclid":"-","wbraid":"-"}},"event_id":0,"library":"amplitude-ts/2.47.0","user_agent":"Mozilla/5.0 (Windows NT 10.0; Win64; x64) AppleWebKit/537.36 (KHTML, like Gecko) HeadlessChrome/148.0.0.0 Safari/537.36 Edg/148.0.0.0"} @ http://127.0.0.1:4321/assets/vendor/min/amplitude-2.47.0.min.js:0
[    3225ms] [LOG] Amplitude Logger [Log]: Timeline.apply: Event after enrichment plugin '@amplitude/plugin-file-download-tracking-browser', event: {"device_id":"b282c4d7-b612-49ef-aabe-db35a5e63402","session_id":1790703482107,"time":1790703482194,"platform":"Web","language":"en-US","ip":"$remote","insert_id":"3e0bc895-c2ed-4717-9afa-13b6bf3d4b8d","event_type":"$identify","user_properties":{"$setOnce":{"initial_utm_campaign":"EMPTY","initial_utm_content":"EMPTY","initial_utm_id":"EMPTY","initial_utm_medium":"EMPTY","initial_utm_source":"EMPTY","initial_utm_term":"EMPTY","initial_referrer":"EMPTY","initial_referring_domain":"EMPTY","initial_dclid":"EMPTY","initial_gbraid":"EMPTY","initial_gclid":"EMPTY","initial_fbclid":"EMPTY","initial_ko_click_id":"EMPTY","initial_li_fat_id":"EMPTY","initial_msclkid":"EMPTY","initial_rdt_cid":"EMPTY","initial_ttclid":"EMPTY","initial_twclid":"EMPTY","initial_wbraid":"EMPTY"},"$unset":{"utm_campaign":"-","utm_content":"-","utm_id":"-","utm_medium":"-","utm_source":"-","utm_term":"-","referrer":"-","referring_domain":"-","dclid":"-","gbraid":"-","gclid":"-","fbclid":"-","ko_click_id":"-","li_fat_id":"-","msclkid":"-","rdt_cid":"-","ttclid":"-","twclid":"-","wbraid":"-"}},"event_id":0,"library":"amplitude-ts/2.47.0","user_agent":"Mozilla/5.0 (Windows NT 10.0; Win64; x64) AppleWebKit/537.36 (KHTML, like Gecko) HeadlessChrome/148.0.0.0 Safari/537.36 Edg/148.0.0.0"} @ http://127.0.0.1:4321/assets/vendor/min/amplitude-2.47.0.min.js:0
[    3226ms] [LOG] Amplitude Logger [Log]: Timeline.apply: Event after enrichment plugin '@amplitude/plugin-form-interaction-tracking-browser', event: {"device_id":"b282c4d7-b612-49ef-aabe-db35a5e63402","session_id":1790703482107,"time":1790703482194,"platform":"Web","language":"en-US","ip":"$remote","insert_id":"3e0bc895-c2ed-4717-9afa-13b6bf3d4b8d","event_type":"$identify","user_properties":{"$setOnce":{"initial_utm_campaign":"EMPTY","initial_utm_content":"EMPTY","initial_utm_id":"EMPTY","initial_utm_medium":"EMPTY","initial_utm_source":"EMPTY","initial_utm_term":"EMPTY","initial_referrer":"EMPTY","initial_referring_domain":"EMPTY","initial_dclid":"EMPTY","initial_gbraid":"EMPTY","initial_gclid":"EMPTY","initial_fbclid":"EMPTY","initial_ko_click_id":"EMPTY","initial_li_fat_id":"EMPTY","initial_msclkid":"EMPTY","initial_rdt_cid":"EMPTY","initial_ttclid":"EMPTY","initial_twclid":"EMPTY","initial_wbraid":"EMPTY"},"$unset":{"utm_campaign":"-","utm_content":"-","utm_id":"-","utm_medium":"-","utm_source":"-","utm_term":"-","referrer":"-","referring_domain":"-","dclid":"-","gbraid":"-","gclid":"-","fbclid":"-","ko_click_id":"-","li_fat_id":"-","msclkid":"-","rdt_cid":"-","ttclid":"-","twclid":"-","wbraid":"-"}},"event_id":0,"library":"amplitude-ts/2.47.0","user_agent":"Mozilla/5.0 (Windows NT 10.0; Win64; x64) AppleWebKit/537.36 (KHTML, like Gecko) HeadlessChrome/148.0.0.0 Safari/537.36 Edg/148.0.0.0"} @ http://127.0.0.1:4321/assets/vendor/min/amplitude-2.47.0.min.js:0
[    3226ms] [LOG] Amplitude Logger [Log]: Timeline.apply: Event after enrichment plugin '@amplitude/plugin-page-view-tracking-browser', event: {"device_id":"b282c4d7-b612-49ef-aabe-db35a5e63402","session_id":1790703482107,"time":1790703482194,"platform":"Web","language":"en-US","ip":"$remote","insert_id":"3e0bc895-c2ed-4717-9afa-13b6bf3d4b8d","event_type":"$identify","user_properties":{"$setOnce":{"initial_utm_campaign":"EMPTY","initial_utm_content":"EMPTY","initial_utm_id":"EMPTY","initial_utm_medium":"EMPTY","initial_utm_source":"EMPTY","initial_utm_term":"EMPTY","initial_referrer":"EMPTY","initial_referring_domain":"EMPTY","initial_dclid":"EMPTY","initial_gbraid":"EMPTY","initial_gclid":"EMPTY","initial_fbclid":"EMPTY","initial_ko_click_id":"EMPTY","initial_li_fat_id":"EMPTY","initial_msclkid":"EMPTY","initial_rdt_cid":"EMPTY","initial_ttclid":"EMPTY","initial_twclid":"EMPTY","initial_wbraid":"EMPTY"},"$unset":{"utm_campaign":"-","utm_content":"-","utm_id":"-","utm_medium":"-","utm_source":"-","utm_term":"-","referrer":"-","referring_domain":"-","dclid":"-","gbraid":"-","gclid":"-","fbclid":"-","ko_click_id":"-","li_fat_id":"-","msclkid":"-","rdt_cid":"-","ttclid":"-","twclid":"-","wbraid":"-"}},"event_id":0,"library":"amplitude-ts/2.47.0","user_agent":"Mozilla/5.0 (Windows NT 10.0; Win64; x64) AppleWebKit/537.36 (KHTML, like Gecko) HeadlessChrome/148.0.0.0 Safari/537.36 Edg/148.0.0.0"} @ http://127.0.0.1:4321/assets/vendor/min/amplitude-2.47.0.min.js:0
[    3227ms] [LOG] Amplitude Logger [Log]: Timeline.apply: Event after enrichment plugin '@amplitude/plugin-event-property-attribution-browser', event: {"device_id":"b282c4d7-b612-49ef-aabe-db35a5e63402","session_id":1790703482107,"time":1790703482194,"platform":"Web","language":"en-US","ip":"$remote","insert_id":"3e0bc895-c2ed-4717-9afa-13b6bf3d4b8d","event_type":"$identify","user_properties":{"$setOnce":{"initial_utm_campaign":"EMPTY","initial_utm_content":"EMPTY","initial_utm_id":"EMPTY","initial_utm_medium":"EMPTY","initial_utm_source":"EMPTY","initial_utm_term":"EMPTY","initial_referrer":"EMPTY","initial_referring_domain":"EMPTY","initial_dclid":"EMPTY","initial_gbraid":"EMPTY","initial_gclid":"EMPTY","initial_fbclid":"EMPTY","initial_ko_click_id":"EMPTY","initial_li_fat_id":"EMPTY","initial_msclkid":"EMPTY","initial_rdt_cid":"EMPTY","initial_ttclid":"EMPTY","initial_twclid":"EMPTY","initial_wbraid":"EMPTY"},"$unset":{"utm_campaign":"-","utm_content":"-","utm_id":"-","utm_medium":"-","utm_source":"-","utm_term":"-","referrer":"-","referring_domain":"-","dclid":"-","gbraid":"-","gclid":"-","fbclid":"-","ko_click_id":"-","li_fat_id":"-","msclkid":"-","rdt_cid":"-","ttclid":"-","twclid":"-","wbraid":"-"}},"event_id":0,"library":"amplitude-ts/2.47.0","user_agent":"Mozilla/5.0 (Windows NT 10.0; Win64; x64) AppleWebKit/537.36 (KHTML, like Gecko) HeadlessChrome/148.0.0.0 Safari/537.36 Edg/148.0.0.0"} @ http://127.0.0.1:4321/assets/vendor/min/amplitude-2.47.0.min.js:0
[    3227ms] [LOG] Amplitude Logger [Log]: Timeline.apply: Event after enrichment plugin '@amplitude/plugin-autocapture-browser', event: {"device_id":"b282c4d7-b612-49ef-aabe-db35a5e63402","session_id":1790703482107,"time":1790703482194,"platform":"Web","language":"en-US","ip":"$remote","insert_id":"3e0bc895-c2ed-4717-9afa-13b6bf3d4b8d","event_type":"$identify","user_properties":{"$setOnce":{"initial_utm_campaign":"EMPTY","initial_utm_content":"EMPTY","initial_utm_id":"EMPTY","initial_utm_medium":"EMPTY","initial_utm_source":"EMPTY","initial_utm_term":"EMPTY","initial_referrer":"EMPTY","initial_referring_domain":"EMPTY","initial_dclid":"EMPTY","initial_gbraid":"EMPTY","initial_gclid":"EMPTY","initial_fbclid":"EMPTY","initial_ko_click_id":"EMPTY","initial_li_fat_id":"EMPTY","initial_msclkid":"EMPTY","initial_rdt_cid":"EMPTY","initial_ttclid":"EMPTY","initial_twclid":"EMPTY","initial_wbraid":"EMPTY"},"$unset":{"utm_campaign":"-","utm_content":"-","utm_id":"-","utm_medium":"-","utm_source":"-","utm_term":"-","referrer":"-","referring_domain":"-","dclid":"-","gbraid":"-","gclid":"-","fbclid":"-","ko_click_id":"-","li_fat_id":"-","msclkid":"-","rdt_cid":"-","ttclid":"-","twclid":"-","wbraid":"-"}},"event_id":0,"library":"amplitude-ts/2.47.0","user_agent":"Mozilla/5.0 (Windows NT 10.0; Win64; x64) AppleWebKit/537.36 (KHTML, like Gecko) HeadlessChrome/148.0.0.0 Safari/537.36 Edg/148.0.0.0"} @ http://127.0.0.1:4321/assets/vendor/min/amplitude-2.47.0.min.js:0
[    3228ms] [LOG] Amplitude Logger [Log]: Timeline.apply: Event after enrichment plugin '@amplitude/plugin-frustration-browser', event: {"device_id":"b282c4d7-b612-49ef-aabe-db35a5e63402","session_id":1790703482107,"time":1790703482194,"platform":"Web","language":"en-US","ip":"$remote","insert_id":"3e0bc895-c2ed-4717-9afa-13b6bf3d4b8d","event_type":"$identify","user_properties":{"$setOnce":{"initial_utm_campaign":"EMPTY","initial_utm_content":"EMPTY","initial_utm_id":"EMPTY","initial_utm_medium":"EMPTY","initial_utm_source":"EMPTY","initial_utm_term":"EMPTY","initial_referrer":"EMPTY","initial_referring_domain":"EMPTY","initial_dclid":"EMPTY","initial_gbraid":"EMPTY","initial_gclid":"EMPTY","initial_fbclid":"EMPTY","initial_ko_click_id":"EMPTY","initial_li_fat_id":"EMPTY","initial_msclkid":"EMPTY","initial_rdt_cid":"EMPTY","initial_ttclid":"EMPTY","initial_twclid":"EMPTY","initial_wbraid":"EMPTY"},"$unset":{"utm_campaign":"-","utm_content":"-","utm_id":"-","utm_medium":"-","utm_source":"-","utm_term":"-","referrer":"-","referring_domain":"-","dclid":"-","gbraid":"-","gclid":"-","fbclid":"-","ko_click_id":"-","li_fat_id":"-","msclkid":"-","rdt_cid":"-","ttclid":"-","twclid":"-","wbraid":"-"}},"event_id":0,"library":"amplitude-ts/2.47.0","user_agent":"Mozilla/5.0 (Windows NT 10.0; Win64; x64) AppleWebKit/537.36 (KHTML, like Gecko) HeadlessChrome/148.0.0.0 Safari/537.36 Edg/148.0.0.0"} @ http://127.0.0.1:4321/assets/vendor/min/amplitude-2.47.0.min.js:0
[    3229ms] [LOG] Amplitude Logger [Log]: Timeline.apply: Event after enrichment plugin '@amplitude/plugin-network-capture-browser', event: {"device_id":"b282c4d7-b612-49ef-aabe-db35a5e63402","session_id":1790703482107,"time":1790703482194,"platform":"Web","language":"en-US","ip":"$remote","insert_id":"3e0bc895-c2ed-4717-9afa-13b6bf3d4b8d","event_type":"$identify","user_properties":{"$setOnce":{"initial_utm_campaign":"EMPTY","initial_utm_content":"EMPTY","initial_utm_id":"EMPTY","initial_utm_medium":"EMPTY","initial_utm_source":"EMPTY","initial_utm_term":"EMPTY","initial_referrer":"EMPTY","initial_referring_domain":"EMPTY","initial_dclid":"EMPTY","initial_gbraid":"EMPTY","initial_gclid":"EMPTY","initial_fbclid":"EMPTY","initial_ko_click_id":"EMPTY","initial_li_fat_id":"EMPTY","initial_msclkid":"EMPTY","initial_rdt_cid":"EMPTY","initial_ttclid":"EMPTY","initial_twclid":"EMPTY","initial_wbraid":"EMPTY"},"$unset":{"utm_campaign":"-","utm_content":"-","utm_id":"-","utm_medium":"-","utm_source":"-","utm_term":"-","referrer":"-","referring_domain":"-","dclid":"-","gbraid":"-","gclid":"-","fbclid":"-","ko_click_id":"-","li_fat_id":"-","msclkid":"-","rdt_cid":"-","ttclid":"-","twclid":"-","wbraid":"-"}},"event_id":0,"library":"amplitude-ts/2.47.0","user_agent":"Mozilla/5.0 (Windows NT 10.0; Win64; x64) AppleWebKit/537.36 (KHTML, like Gecko) HeadlessChrome/148.0.0.0 Safari/537.36 Edg/148.0.0.0"} @ http://127.0.0.1:4321/assets/vendor/min/amplitude-2.47.0.min.js:0
[    3229ms] [LOG] Amplitude Logger [Log]: Timeline.apply: Event after enrichment plugin 'web-vitals-browser', event: {"device_id":"b282c4d7-b612-49ef-aabe-db35a5e63402","session_id":1790703482107,"time":1790703482194,"platform":"Web","language":"en-US","ip":"$remote","insert_id":"3e0bc895-c2ed-4717-9afa-13b6bf3d4b8d","event_type":"$identify","user_properties":{"$setOnce":{"initial_utm_campaign":"EMPTY","initial_utm_content":"EMPTY","initial_utm_id":"EMPTY","initial_utm_medium":"EMPTY","initial_utm_source":"EMPTY","initial_utm_term":"EMPTY","initial_referrer":"EMPTY","initial_referring_domain":"EMPTY","initial_dclid":"EMPTY","initial_gbraid":"EMPTY","initial_gclid":"EMPTY","initial_fbclid":"EMPTY","initial_ko_click_id":"EMPTY","initial_li_fat_id":"EMPTY","initial_msclkid":"EMPTY","initial_rdt_cid":"EMPTY","initial_ttclid":"EMPTY","initial_twclid":"EMPTY","initial_wbraid":"EMPTY"},"$unset":{"utm_campaign":"-","utm_content":"-","utm_id":"-","utm_medium":"-","utm_source":"-","utm_term":"-","referrer":"-","referring_domain":"-","dclid":"-","gbraid":"-","gclid":"-","fbclid":"-","ko_click_id":"-","li_fat_id":"-","msclkid":"-","rdt_cid":"-","ttclid":"-","twclid":"-","wbraid":"-"}},"event_id":0,"library":"amplitude-ts/2.47.0","user_agent":"Mozilla/5.0 (Windows NT 10.0; Win64; x64) AppleWebKit/537.36 (KHTML, like Gecko) HeadlessChrome/148.0.0.0 Safari/537.36 Edg/148.0.0.0"} @ http://127.0.0.1:4321/assets/vendor/min/amplitude-2.47.0.min.js:0
[    3230ms] [LOG] Amplitude Logger [Log]: Timeline.apply: Event after enrichment plugin '@amplitude/plugin-page-url-enrichment-browser', event: {"device_id":"b282c4d7-b612-49ef-aabe-db35a5e63402","session_id":1790703482107,"time":1790703482194,"platform":"Web","language":"en-US","ip":"$remote","insert_id":"3e0bc895-c2ed-4717-9afa-13b6bf3d4b8d","event_type":"$identify","user_properties":{"$setOnce":{"initial_utm_campaign":"EMPTY","initial_utm_content":"EMPTY","initial_utm_id":"EMPTY","initial_utm_medium":"EMPTY","initial_utm_source":"EMPTY","initial_utm_term":"EMPTY","initial_referrer":"EMPTY","initial_referring_domain":"EMPTY","initial_dclid":"EMPTY","initial_gbraid":"EMPTY","initial_gclid":"EMPTY","initial_fbclid":"EMPTY","initial_ko_click_id":"EMPTY","initial_li_fat_id":"EMPTY","initial_msclkid":"EMPTY","initial_rdt_cid":"EMPTY","initial_ttclid":"EMPTY","initial_twclid":"EMPTY","initial_wbraid":"EMPTY"},"$unset":{"utm_campaign":"-","utm_content":"-","utm_id":"-","utm_medium":"-","utm_source":"-","utm_term":"-","referrer":"-","referring_domain":"-","dclid":"-","gbraid":"-","gclid":"-","fbclid":"-","ko_click_id":"-","li_fat_id":"-","msclkid":"-","rdt_cid":"-","ttclid":"-","twclid":"-","wbraid":"-"}},"event_id":0,"library":"amplitude-ts/2.47.0","user_agent":"Mozilla/5.0 (Windows NT 10.0; Win64; x64) AppleWebKit/537.36 (KHTML, like Gecko) HeadlessChrome/148.0.0.0 Safari/537.36 Edg/148.0.0.0"} @ http://127.0.0.1:4321/assets/vendor/min/amplitude-2.47.0.min.js:0
[    3231ms] [LOG] Amplitude Logger [Log]: Timeline.apply: Final event before destinations, event: {"device_id":"b282c4d7-b612-49ef-aabe-db35a5e63402","session_id":1790703482107,"time":1790703482194,"platform":"Web","language":"en-US","ip":"$remote","insert_id":"3e0bc895-c2ed-4717-9afa-13b6bf3d4b8d","event_type":"$identify","user_properties":{"$setOnce":{"initial_utm_campaign":"EMPTY","initial_utm_content":"EMPTY","initial_utm_id":"EMPTY","initial_utm_medium":"EMPTY","initial_utm_source":"EMPTY","initial_utm_term":"EMPTY","initial_referrer":"EMPTY","initial_referring_domain":"EMPTY","initial_dclid":"EMPTY","initial_gbraid":"EMPTY","initial_gclid":"EMPTY","initial_fbclid":"EMPTY","initial_ko_click_id":"EMPTY","initial_li_fat_id":"EMPTY","initial_msclkid":"EMPTY","initial_rdt_cid":"EMPTY","initial_ttclid":"EMPTY","initial_twclid":"EMPTY","initial_wbraid":"EMPTY"},"$unset":{"utm_campaign":"-","utm_content":"-","utm_id":"-","utm_medium":"-","utm_source":"-","utm_term":"-","referrer":"-","referring_domain":"-","dclid":"-","gbraid":"-","gclid":"-","fbclid":"-","ko_click_id":"-","li_fat_id":"-","msclkid":"-","rdt_cid":"-","ttclid":"-","twclid":"-","wbraid":"-"}},"event_id":0,"library":"amplitude-ts/2.47.0","user_agent":"Mozilla/5.0 (Windows NT 10.0; Win64; x64) AppleWebKit/537.36 (KHTML, like Gecko) HeadlessChrome/148.0.0.0 Safari/537.36 Edg/148.0.0.0"} @ http://127.0.0.1:4321/assets/vendor/min/amplitude-2.47.0.min.js:0
[    3240ms] [LOG] Amplitude Logger [Log]: Timeline.apply: Initial event [object Object] @ http://127.0.0.1:4321/assets/vendor/min/amplitude-2.47.0.min.js:0
[    3241ms] [LOG] Amplitude Logger [Log]: Timeline.apply: Event after before plugin '@amplitude/plugin-context-browser', event: {"device_id":"b282c4d7-b612-49ef-aabe-db35a5e63402","session_id":1790703482107,"time":1790703482107,"platform":"Web","language":"en-US","ip":"$remote","insert_id":"3eb38d34-0e9d-49a4-a152-3041f780a234","event_type":"session_start","event_id":1,"library":"amplitude-ts/2.47.0","user_agent":"Mozilla/5.0 (Windows NT 10.0; Win64; x64) AppleWebKit/537.36 (KHTML, like Gecko) HeadlessChrome/148.0.0.0 Safari/537.36 Edg/148.0.0.0"} @ http://127.0.0.1:4321/assets/vendor/min/amplitude-2.47.0.min.js:0
[    3241ms] [LOG] Amplitude Logger [Log]: Timeline.apply: Event after before plugin 'identity', event: {"device_id":"b282c4d7-b612-49ef-aabe-db35a5e63402","session_id":1790703482107,"time":1790703482107,"platform":"Web","language":"en-US","ip":"$remote","insert_id":"3eb38d34-0e9d-49a4-a152-3041f780a234","event_type":"session_start","event_id":1,"library":"amplitude-ts/2.47.0","user_agent":"Mozilla/5.0 (Windows NT 10.0; Win64; x64) AppleWebKit/537.36 (KHTML, like Gecko) HeadlessChrome/148.0.0.0 Safari/537.36 Edg/148.0.0.0"} @ http://127.0.0.1:4321/assets/vendor/min/amplitude-2.47.0.min.js:0
[    3242ms] [LOG] Amplitude Logger [Log]: Timeline.apply: Event after enrichment plugin '@amplitude/plugin-file-download-tracking-browser', event: {"device_id":"b282c4d7-b612-49ef-aabe-db35a5e63402","session_id":1790703482107,"time":1790703482107,"platform":"Web","language":"en-US","ip":"$remote","insert_id":"3eb38d34-0e9d-49a4-a152-3041f780a234","event_type":"session_start","event_id":1,"library":"amplitude-ts/2.47.0","user_agent":"Mozilla/5.0 (Windows NT 10.0; Win64; x64) AppleWebKit/537.36 (KHTML, like Gecko) HeadlessChrome/148.0.0.0 Safari/537.36 Edg/148.0.0.0"} @ http://127.0.0.1:4321/assets/vendor/min/amplitude-2.47.0.min.js:0
[    3242ms] [LOG] Amplitude Logger [Log]: Timeline.apply: Event after enrichment plugin '@amplitude/plugin-form-interaction-tracking-browser', event: {"device_id":"b282c4d7-b612-49ef-aabe-db35a5e63402","session_id":1790703482107,"time":1790703482107,"platform":"Web","language":"en-US","ip":"$remote","insert_id":"3eb38d34-0e9d-49a4-a152-3041f780a234","event_type":"session_start","event_id":1,"library":"amplitude-ts/2.47.0","user_agent":"Mozilla/5.0 (Windows NT 10.0; Win64; x64) AppleWebKit/537.36 (KHTML, like Gecko) HeadlessChrome/148.0.0.0 Safari/537.36 Edg/148.0.0.0"} @ http://127.0.0.1:4321/assets/vendor/min/amplitude-2.47.0.min.js:0
[    3242ms] [LOG] Amplitude Logger [Log]: Timeline.apply: Event after enrichment plugin '@amplitude/plugin-page-view-tracking-browser', event: {"device_id":"b282c4d7-b612-49ef-aabe-db35a5e63402","session_id":1790703482107,"time":1790703482107,"platform":"Web","language":"en-US","ip":"$remote","insert_id":"3eb38d34-0e9d-49a4-a152-3041f780a234","event_type":"session_start","event_id":1,"library":"amplitude-ts/2.47.0","user_agent":"Mozilla/5.0 (Windows NT 10.0; Win64; x64) AppleWebKit/537.36 (KHTML, like Gecko) HeadlessChrome/148.0.0.0 Safari/537.36 Edg/148.0.0.0"} @ http://127.0.0.1:4321/assets/vendor/min/amplitude-2.47.0.min.js:0
[    3243ms] [LOG] Amplitude Logger [Log]: Timeline.apply: Event after enrichment plugin '@amplitude/plugin-event-property-attribution-browser', event: {"device_id":"b282c4d7-b612-49ef-aabe-db35a5e63402","session_id":1790703482107,"time":1790703482107,"platform":"Web","language":"en-US","ip":"$remote","insert_id":"3eb38d34-0e9d-49a4-a152-3041f780a234","event_type":"session_start","event_id":1,"library":"amplitude-ts/2.47.0","user_agent":"Mozilla/5.0 (Windows NT 10.0; Win64; x64) AppleWebKit/537.36 (KHTML, like Gecko) HeadlessChrome/148.0.0.0 Safari/537.36 Edg/148.0.0.0","event_properties":{}} @ http://127.0.0.1:4321/assets/vendor/min/amplitude-2.47.0.min.js:0
[    3243ms] [LOG] Amplitude Logger [Log]: Timeline.apply: Event after enrichment plugin '@amplitude/plugin-autocapture-browser', event: {"device_id":"b282c4d7-b612-49ef-aabe-db35a5e63402","session_id":1790703482107,"time":1790703482107,"platform":"Web","language":"en-US","ip":"$remote","insert_id":"3eb38d34-0e9d-49a4-a152-3041f780a234","event_type":"session_start","event_id":1,"library":"amplitude-ts/2.47.0","user_agent":"Mozilla/5.0 (Windows NT 10.0; Win64; x64) AppleWebKit/537.36 (KHTML, like Gecko) HeadlessChrome/148.0.0.0 Safari/537.36 Edg/148.0.0.0","event_properties":{}} @ http://127.0.0.1:4321/assets/vendor/min/amplitude-2.47.0.min.js:0
[    3243ms] [LOG] Amplitude Logger [Log]: Timeline.apply: Event after enrichment plugin '@amplitude/plugin-frustration-browser', event: {"device_id":"b282c4d7-b612-49ef-aabe-db35a5e63402","session_id":1790703482107,"time":1790703482107,"platform":"Web","language":"en-US","ip":"$remote","insert_id":"3eb38d34-0e9d-49a4-a152-3041f780a234","event_type":"session_start","event_id":1,"library":"amplitude-ts/2.47.0","user_agent":"Mozilla/5.0 (Windows NT 10.0; Win64; x64) AppleWebKit/537.36 (KHTML, like Gecko) HeadlessChrome/148.0.0.0 Safari/537.36 Edg/148.0.0.0","event_properties":{}} @ http://127.0.0.1:4321/assets/vendor/min/amplitude-2.47.0.min.js:0
[    3243ms] [LOG] Amplitude Logger [Log]: Timeline.apply: Event after enrichment plugin '@amplitude/plugin-network-capture-browser', event: {"device_id":"b282c4d7-b612-49ef-aabe-db35a5e63402","session_id":1790703482107,"time":1790703482107,"platform":"Web","language":"en-US","ip":"$remote","insert_id":"3eb38d34-0e9d-49a4-a152-3041f780a234","event_type":"session_start","event_id":1,"library":"amplitude-ts/2.47.0","user_agent":"Mozilla/5.0 (Windows NT 10.0; Win64; x64) AppleWebKit/537.36 (KHTML, like Gecko) HeadlessChrome/148.0.0.0 Safari/537.36 Edg/148.0.0.0","event_properties":{}} @ http://127.0.0.1:4321/assets/vendor/min/amplitude-2.47.0.min.js:0
[    3244ms] [LOG] Amplitude Logger [Log]: Timeline.apply: Event after enrichment plugin 'web-vitals-browser', event: {"device_id":"b282c4d7-b612-49ef-aabe-db35a5e63402","session_id":1790703482107,"time":1790703482107,"platform":"Web","language":"en-US","ip":"$remote","insert_id":"3eb38d34-0e9d-49a4-a152-3041f780a234","event_type":"session_start","event_id":1,"library":"amplitude-ts/2.47.0","user_agent":"Mozilla/5.0 (Windows NT 10.0; Win64; x64) AppleWebKit/537.36 (KHTML, like Gecko) HeadlessChrome/148.0.0.0 Safari/537.36 Edg/148.0.0.0","event_properties":{}} @ http://127.0.0.1:4321/assets/vendor/min/amplitude-2.47.0.min.js:0
[    3245ms] [LOG] Amplitude Logger [Log]: Timeline.apply: Event after enrichment plugin '@amplitude/plugin-page-url-enrichment-browser', event: {"device_id":"b282c4d7-b612-49ef-aabe-db35a5e63402","session_id":1790703482107,"time":1790703482107,"platform":"Web","language":"en-US","ip":"$remote","insert_id":"3eb38d34-0e9d-49a4-a152-3041f780a234","event_type":"session_start","event_id":1,"library":"amplitude-ts/2.47.0","user_agent":"Mozilla/5.0 (Windows NT 10.0; Win64; x64) AppleWebKit/537.36 (KHTML, like Gecko) HeadlessChrome/148.0.0.0 Safari/537.36 Edg/148.0.0.0","event_properties":{"[Amplitude] Page Domain":"127.0.0.1","[Amplitude] Page Location":"http://127.0.0.1:4321/","[Amplitude] Page Path":"/","[Amplitude] Page Title":"Psychiatrist in Greater Noida | Mind Grace Clinic","[Amplitude] Page URL":"http://127.0.0.1:4321/","[Amplitude] Previous Page Location":"","[Amplitude] Previous Page Type":"direct"}} @ http://127.0.0.1:4321/assets/vendor/min/amplitude-2.47.0.min.js:0
[    3245ms] [LOG] Amplitude Logger [Log]: Timeline.apply: Final event before destinations, event: {"device_id":"b282c4d7-b612-49ef-aabe-db35a5e63402","session_id":1790703482107,"time":1790703482107,"platform":"Web","language":"en-US","ip":"$remote","insert_id":"3eb38d34-0e9d-49a4-a152-3041f780a234","event_type":"session_start","event_id":1,"library":"amplitude-ts/2.47.0","user_agent":"Mozilla/5.0 (Windows NT 10.0; Win64; x64) AppleWebKit/537.36 (KHTML, like Gecko) HeadlessChrome/148.0.0.0 Safari/537.36 Edg/148.0.0.0","event_properties":{"[Amplitude] Page Domain":"127.0.0.1","[Amplitude] Page Location":"http://127.0.0.1:4321/","[Amplitude] Page Path":"/","[Amplitude] Page Title":"Psychiatrist in Greater Noida | Mind Grace Clinic","[Amplitude] Page URL":"http://127.0.0.1:4321/","[Amplitude] Previous Page Location":"","[Amplitude] Previous Page Type":"direct"}} @ http://127.0.0.1:4321/assets/vendor/min/amplitude-2.47.0.min.js:0
[    3249ms] [LOG] Amplitude Logger [Log]: Timeline.apply: Initial event [object Object] @ http://127.0.0.1:4321/assets/vendor/min/amplitude-2.47.0.min.js:0
[    3250ms] [LOG] Amplitude Logger [Log]: Timeline.apply: Event after before plugin '@amplitude/plugin-context-browser', event: {"device_id":"b282c4d7-b612-49ef-aabe-db35a5e63402","session_id":1790703482107,"time":1790703482221,"platform":"Web","language":"en-US","ip":"$remote","insert_id":"111b08e8-6c3e-4443-bdc3-b948830d6655","event_type":"[Amplitude] Page Viewed","event_properties":{"[Amplitude] Page Domain":"127.0.0.1","[Amplitude] Page Location":"http://127.0.0.1:4321/","[Amplitude] Page Path":"/","[Amplitude] Page Title":"Psychiatrist in Greater Noida | Mind Grace Clinic","[Amplitude] Page URL":"http://127.0.0.1:4321/","[Amplitude] Page View ID":"4fec3376-b8ff-48da-8ca8-b3793fb96c97"},"event_id":2,"library":"amplitude-ts/2.47.0","user_agent":"Mozilla/5.0 (Windows NT 10.0; Win64; x64) AppleWebKit/537.36 (KHTML, like Gecko) HeadlessChrome/148.0.0.0 Safari/537.36 Edg/148.0.0.0"} @ http://127.0.0.1:4321/assets/vendor/min/amplitude-2.47.0.min.js:0
[    3251ms] [LOG] Amplitude Logger [Log]: Timeline.apply: Event after before plugin 'identity', event: {"device_id":"b282c4d7-b612-49ef-aabe-db35a5e63402","session_id":1790703482107,"time":1790703482221,"platform":"Web","language":"en-US","ip":"$remote","insert_id":"111b08e8-6c3e-4443-bdc3-b948830d6655","event_type":"[Amplitude] Page Viewed","event_properties":{"[Amplitude] Page Domain":"127.0.0.1","[Amplitude] Page Location":"http://127.0.0.1:4321/","[Amplitude] Page Path":"/","[Amplitude] Page Title":"Psychiatrist in Greater Noida | Mind Grace Clinic","[Amplitude] Page URL":"http://127.0.0.1:4321/","[Amplitude] Page View ID":"4fec3376-b8ff-48da-8ca8-b3793fb96c97"},"event_id":2,"library":"amplitude-ts/2.47.0","user_agent":"Mozilla/5.0 (Windows NT 10.0; Win64; x64) AppleWebKit/537.36 (KHTML, like Gecko) HeadlessChrome/148.0.0.0 Safari/537.36 Edg/148.0.0.0"} @ http://127.0.0.1:4321/assets/vendor/min/amplitude-2.47.0.min.js:0
[    3251ms] [LOG] Amplitude Logger [Log]: Timeline.apply: Event after enrichment plugin '@amplitude/plugin-file-download-tracking-browser', event: {"device_id":"b282c4d7-b612-49ef-aabe-db35a5e63402","session_id":1790703482107,"time":1790703482221,"platform":"Web","language":"en-US","ip":"$remote","insert_id":"111b08e8-6c3e-4443-bdc3-b948830d6655","event_type":"[Amplitude] Page Viewed","event_properties":{"[Amplitude] Page Domain":"127.0.0.1","[Amplitude] Page Location":"http://127.0.0.1:4321/","[Amplitude] Page Path":"/","[Amplitude] Page Title":"Psychiatrist in Greater Noida | Mind Grace Clinic","[Amplitude] Page URL":"http://127.0.0.1:4321/","[Amplitude] Page View ID":"4fec3376-b8ff-48da-8ca8-b3793fb96c97"},"event_id":2,"library":"amplitude-ts/2.47.0","user_agent":"Mozilla/5.0 (Windows NT 10.0; Win64; x64) AppleWebKit/537.36 (KHTML, like Gecko) HeadlessChrome/148.0.0.0 Safari/537.36 Edg/148.0.0.0"} @ http://127.0.0.1:4321/assets/vendor/min/amplitude-2.47.0.min.js:0
[    3251ms] [LOG] Amplitude Logger [Log]: Timeline.apply: Event after enrichment plugin '@amplitude/plugin-form-interaction-tracking-browser', event: {"device_id":"b282c4d7-b612-49ef-aabe-db35a5e63402","session_id":1790703482107,"time":1790703482221,"platform":"Web","language":"en-US","ip":"$remote","insert_id":"111b08e8-6c3e-4443-bdc3-b948830d6655","event_type":"[Amplitude] Page Viewed","event_properties":{"[Amplitude] Page Domain":"127.0.0.1","[Amplitude] Page Location":"http://127.0.0.1:4321/","[Amplitude] Page Path":"/","[Amplitude] Page Title":"Psychiatrist in Greater Noida | Mind Grace Clinic","[Amplitude] Page URL":"http://127.0.0.1:4321/","[Amplitude] Page View ID":"4fec3376-b8ff-48da-8ca8-b3793fb96c97"},"event_id":2,"library":"amplitude-ts/2.47.0","user_agent":"Mozilla/5.0 (Windows NT 10.0; Win64; x64) AppleWebKit/537.36 (KHTML, like Gecko) HeadlessChrome/148.0.0.0 Safari/537.36 Edg/148.0.0.0"} @ http://127.0.0.1:4321/assets/vendor/min/amplitude-2.47.0.min.js:0
[    3252ms] [LOG] Amplitude Logger [Log]: Timeline.apply: Event after enrichment plugin '@amplitude/plugin-page-view-tracking-browser', event: {"device_id":"b282c4d7-b612-49ef-aabe-db35a5e63402","session_id":1790703482107,"time":1790703482221,"platform":"Web","language":"en-US","ip":"$remote","insert_id":"111b08e8-6c3e-4443-bdc3-b948830d6655","event_type":"[Amplitude] Page Viewed","event_properties":{"[Amplitude] Page Domain":"127.0.0.1","[Amplitude] Page Location":"http://127.0.0.1:4321/","[Amplitude] Page Path":"/","[Amplitude] Page Title":"Psychiatrist in Greater Noida | Mind Grace Clinic","[Amplitude] Page URL":"http://127.0.0.1:4321/","[Amplitude] Page View ID":"4fec3376-b8ff-48da-8ca8-b3793fb96c97","[Amplitude] Page Counter":1},"event_id":2,"library":"amplitude-ts/2.47.0","user_agent":"Mozilla/5.0 (Windows NT 10.0; Win64; x64) AppleWebKit/537.36 (KHTML, like Gecko) HeadlessChrome/148.0.0.0 Safari/537.36 Edg/148.0.0.0"} @ http://127.0.0.1:4321/assets/vendor/min/amplitude-2.47.0.min.js:0
[    3252ms] [LOG] Amplitude Logger [Log]: Timeline.apply: Event after enrichment plugin '@amplitude/plugin-event-property-attribution-browser', event: {"device_id":"b282c4d7-b612-49ef-aabe-db35a5e63402","session_id":1790703482107,"time":1790703482221,"platform":"Web","language":"en-US","ip":"$remote","insert_id":"111b08e8-6c3e-4443-bdc3-b948830d6655","event_type":"[Amplitude] Page Viewed","event_properties":{"[Amplitude] Page Domain":"127.0.0.1","[Amplitude] Page Location":"http://127.0.0.1:4321/","[Amplitude] Page Path":"/","[Amplitude] Page Title":"Psychiatrist in Greater Noida | Mind Grace Clinic","[Amplitude] Page URL":"http://127.0.0.1:4321/","[Amplitude] Page View ID":"4fec3376-b8ff-48da-8ca8-b3793fb96c97","[Amplitude] Page Counter":1},"event_id":2,"library":"amplitude-ts/2.47.0","user_agent":"Mozilla/5.0 (Windows NT 10.0; Win64; x64) AppleWebKit/537.36 (KHTML, like Gecko) HeadlessChrome/148.0.0.0 Safari/537.36 Edg/148.0.0.0"} @ http://127.0.0.1:4321/assets/vendor/min/amplitude-2.47.0.min.js:0
[    3253ms] [LOG] Amplitude Logger [Log]: Timeline.apply: Event after enrichment plugin '@amplitude/plugin-autocapture-browser', event: {"device_id":"b282c4d7-b612-49ef-aabe-db35a5e63402","session_id":1790703482107,"time":1790703482221,"platform":"Web","language":"en-US","ip":"$remote","insert_id":"111b08e8-6c3e-4443-bdc3-b948830d6655","event_type":"[Amplitude] Page Viewed","event_properties":{"[Amplitude] Page Domain":"127.0.0.1","[Amplitude] Page Location":"http://127.0.0.1:4321/","[Amplitude] Page Path":"/","[Amplitude] Page Title":"Psychiatrist in Greater Noida | Mind Grace Clinic","[Amplitude] Page URL":"http://127.0.0.1:4321/","[Amplitude] Page View ID":"4fec3376-b8ff-48da-8ca8-b3793fb96c97","[Amplitude] Page Counter":1},"event_id":2,"library":"amplitude-ts/2.47.0","user_agent":"Mozilla/5.0 (Windows NT 10.0; Win64; x64) AppleWebKit/537.36 (KHTML, like Gecko) HeadlessChrome/148.0.0.0 Safari/537.36 Edg/148.0.0.0"} @ http://127.0.0.1:4321/assets/vendor/min/amplitude-2.47.0.min.js:0
[    3253ms] [LOG] Amplitude Logger [Log]: Timeline.apply: Event after enrichment plugin '@amplitude/plugin-frustration-browser', event: {"device_id":"b282c4d7-b612-49ef-aabe-db35a5e63402","session_id":1790703482107,"time":1790703482221,"platform":"Web","language":"en-US","ip":"$remote","insert_id":"111b08e8-6c3e-4443-bdc3-b948830d6655","event_type":"[Amplitude] Page Viewed","event_properties":{"[Amplitude] Page Domain":"127.0.0.1","[Amplitude] Page Location":"http://127.0.0.1:4321/","[Amplitude] Page Path":"/","[Amplitude] Page Title":"Psychiatrist in Greater Noida | Mind Grace Clinic","[Amplitude] Page URL":"http://127.0.0.1:4321/","[Amplitude] Page View ID":"4fec3376-b8ff-48da-8ca8-b3793fb96c97","[Amplitude] Page Counter":1},"event_id":2,"library":"amplitude-ts/2.47.0","user_agent":"Mozilla/5.0 (Windows NT 10.0; Win64; x64) AppleWebKit/537.36 (KHTML, like Gecko) HeadlessChrome/148.0.0.0 Safari/537.36 Edg/148.0.0.0"} @ http://127.0.0.1:4321/assets/vendor/min/amplitude-2.47.0.min.js:0
[    3253ms] [LOG] Amplitude Logger [Log]: Timeline.apply: Event after enrichment plugin '@amplitude/plugin-network-capture-browser', event: {"device_id":"b282c4d7-b612-49ef-aabe-db35a5e63402","session_id":1790703482107,"time":1790703482221,"platform":"Web","language":"en-US","ip":"$remote","insert_id":"111b08e8-6c3e-4443-bdc3-b948830d6655","event_type":"[Amplitude] Page Viewed","event_properties":{"[Amplitude] Page Domain":"127.0.0.1","[Amplitude] Page Location":"http://127.0.0.1:4321/","[Amplitude] Page Path":"/","[Amplitude] Page Title":"Psychiatrist in Greater Noida | Mind Grace Clinic","[Amplitude] Page URL":"http://127.0.0.1:4321/","[Amplitude] Page View ID":"4fec3376-b8ff-48da-8ca8-b3793fb96c97","[Amplitude] Page Counter":1},"event_id":2,"library":"amplitude-ts/2.47.0","user_agent":"Mozilla/5.0 (Windows NT 10.0; Win64; x64) AppleWebKit/537.36 (KHTML, like Gecko) HeadlessChrome/148.0.0.0 Safari/537.36 Edg/148.0.0.0"} @ http://127.0.0.1:4321/assets/vendor/min/amplitude-2.47.0.min.js:0
[    3254ms] [LOG] Amplitude Logger [Log]: Timeline.apply: Event after enrichment plugin 'web-vitals-browser', event: {"device_id":"b282c4d7-b612-49ef-aabe-db35a5e63402","session_id":1790703482107,"time":1790703482221,"platform":"Web","language":"en-US","ip":"$remote","insert_id":"111b08e8-6c3e-4443-bdc3-b948830d6655","event_type":"[Amplitude] Page Viewed","event_properties":{"[Amplitude] Page Domain":"127.0.0.1","[Amplitude] Page Location":"http://127.0.0.1:4321/","[Amplitude] Page Path":"/","[Amplitude] Page Title":"Psychiatrist in Greater Noida | Mind Grace Clinic","[Amplitude] Page URL":"http://127.0.0.1:4321/","[Amplitude] Page View ID":"4fec3376-b8ff-48da-8ca8-b3793fb96c97","[Amplitude] Page Counter":1},"event_id":2,"library":"amplitude-ts/2.47.0","user_agent":"Mozilla/5.0 (Windows NT 10.0; Win64; x64) AppleWebKit/537.36 (KHTML, like Gecko) HeadlessChrome/148.0.0.0 Safari/537.36 Edg/148.0.0.0"} @ http://127.0.0.1:4321/assets/vendor/min/amplitude-2.47.0.min.js:0
[    3254ms] [LOG] Amplitude Logger [Log]: Timeline.apply: Event after enrichment plugin '@amplitude/plugin-page-url-enrichment-browser', event: {"device_id":"b282c4d7-b612-49ef-aabe-db35a5e63402","session_id":1790703482107,"time":1790703482221,"platform":"Web","language":"en-US","ip":"$remote","insert_id":"111b08e8-6c3e-4443-bdc3-b948830d6655","event_type":"[Amplitude] Page Viewed","event_properties":{"[Amplitude] Page Domain":"127.0.0.1","[Amplitude] Page Location":"http://127.0.0.1:4321/","[Amplitude] Page Path":"/","[Amplitude] Page Title":"Psychiatrist in Greater Noida | Mind Grace Clinic","[Amplitude] Page URL":"http://127.0.0.1:4321/","[Amplitude] Page View ID":"4fec3376-b8ff-48da-8ca8-b3793fb96c97","[Amplitude] Page Counter":1,"[Amplitude] Previous Page Location":"","[Amplitude] Previous Page Type":"direct"},"event_id":2,"library":"amplitude-ts/2.47.0","user_agent":"Mozilla/5.0 (Windows NT 10.0; Win64; x64) AppleWebKit/537.36 (KHTML, like Gecko) HeadlessChrome/148.0.0.0 Safari/537.36 Edg/148.0.0.0"} @ http://127.0.0.1:4321/assets/vendor/min/amplitude-2.47.0.min.js:0
[    3255ms] [LOG] Amplitude Logger [Log]: Timeline.apply: Final event before destinations, event: {"device_id":"b282c4d7-b612-49ef-aabe-db35a5e63402","session_id":1790703482107,"time":1790703482221,"platform":"Web","language":"en-US","ip":"$remote","insert_id":"111b08e8-6c3e-4443-bdc3-b948830d6655","event_type":"[Amplitude] Page Viewed","event_properties":{"[Amplitude] Page Domain":"127.0.0.1","[Amplitude] Page Location":"http://127.0.0.1:4321/","[Amplitude] Page Path":"/","[Amplitude] Page Title":"Psychiatrist in Greater Noida | Mind Grace Clinic","[Amplitude] Page URL":"http://127.0.0.1:4321/","[Amplitude] Page View ID":"4fec3376-b8ff-48da-8ca8-b3793fb96c97","[Amplitude] Page Counter":1,"[Amplitude] Previous Page Location":"","[Amplitude] Previous Page Type":"direct"},"event_id":2,"library":"amplitude-ts/2.47.0","user_agent":"Mozilla/5.0 (Windows NT 10.0; Win64; x64) AppleWebKit/537.36 (KHTML, like Gecko) HeadlessChrome/148.0.0.0 Safari/537.36 Edg/148.0.0.0"} @ http://127.0.0.1:4321/assets/vendor/min/amplitude-2.47.0.min.js:0
[    3255ms] [LOG] Amplitude Logger [Log]: Timeline.apply: Initial event [object Object] @ http://127.0.0.1:4321/assets/vendor/min/amplitude-2.47.0.min.js:0
[    3255ms] [LOG] Amplitude Logger [Log]: Timeline.apply: Event after before plugin '@amplitude/plugin-context-browser', event: {"device_id":"b282c4d7-b612-49ef-aabe-db35a5e63402","session_id":1790703482107,"time":1790703482226,"platform":"Web","language":"en-US","ip":"$remote","insert_id":"17ba2caf-bf51-4321-aff7-038ec7813cee","event_type":"Viewed Home Page","event_properties":{"prompt_version":"BA400.4"},"event_id":3,"library":"amplitude-ts/2.47.0","user_agent":"Mozilla/5.0 (Windows NT 10.0; Win64; x64) AppleWebKit/537.36 (KHTML, like Gecko) HeadlessChrome/148.0.0.0 Safari/537.36 Edg/148.0.0.0"} @ http://127.0.0.1:4321/assets/vendor/min/amplitude-2.47.0.min.js:0
[    3256ms] [LOG] Amplitude Logger [Log]: Timeline.apply: Event after before plugin 'identity', event: {"device_id":"b282c4d7-b612-49ef-aabe-db35a5e63402","session_id":1790703482107,"time":1790703482226,"platform":"Web","language":"en-US","ip":"$remote","insert_id":"17ba2caf-bf51-4321-aff7-038ec7813cee","event_type":"Viewed Home Page","event_properties":{"prompt_version":"BA400.4"},"event_id":3,"library":"amplitude-ts/2.47.0","user_agent":"Mozilla/5.0 (Windows NT 10.0; Win64; x64) AppleWebKit/537.36 (KHTML, like Gecko) HeadlessChrome/148.0.0.0 Safari/537.36 Edg/148.0.0.0"} @ http://127.0.0.1:4321/assets/vendor/min/amplitude-2.47.0.min.js:0
[    3256ms] [LOG] Amplitude Logger [Log]: Timeline.apply: Event after enrichment plugin '@amplitude/plugin-file-download-tracking-browser', event: {"device_id":"b282c4d7-b612-49ef-aabe-db35a5e63402","session_id":1790703482107,"time":1790703482226,"platform":"Web","language":"en-US","ip":"$remote","insert_id":"17ba2caf-bf51-4321-aff7-038ec7813cee","event_type":"Viewed Home Page","event_properties":{"prompt_version":"BA400.4"},"event_id":3,"library":"amplitude-ts/2.47.0","user_agent":"Mozilla/5.0 (Windows NT 10.0; Win64; x64) AppleWebKit/537.36 (KHTML, like Gecko) HeadlessChrome/148.0.0.0 Safari/537.36 Edg/148.0.0.0"} @ http://127.0.0.1:4321/assets/vendor/min/amplitude-2.47.0.min.js:0
[    3257ms] [LOG] Amplitude Logger [Log]: Timeline.apply: Event after enrichment plugin '@amplitude/plugin-form-interaction-tracking-browser', event: {"device_id":"b282c4d7-b612-49ef-aabe-db35a5e63402","session_id":1790703482107,"time":1790703482226,"platform":"Web","language":"en-US","ip":"$remote","insert_id":"17ba2caf-bf51-4321-aff7-038ec7813cee","event_type":"Viewed Home Page","event_properties":{"prompt_version":"BA400.4"},"event_id":3,"library":"amplitude-ts/2.47.0","user_agent":"Mozilla/5.0 (Windows NT 10.0; Win64; x64) AppleWebKit/537.36 (KHTML, like Gecko) HeadlessChrome/148.0.0.0 Safari/537.36 Edg/148.0.0.0"} @ http://127.0.0.1:4321/assets/vendor/min/amplitude-2.47.0.min.js:0
[    3257ms] [LOG] Amplitude Logger [Log]: Timeline.apply: Event after enrichment plugin '@amplitude/plugin-page-view-tracking-browser', event: {"device_id":"b282c4d7-b612-49ef-aabe-db35a5e63402","session_id":1790703482107,"time":1790703482226,"platform":"Web","language":"en-US","ip":"$remote","insert_id":"17ba2caf-bf51-4321-aff7-038ec7813cee","event_type":"Viewed Home Page","event_properties":{"prompt_version":"BA400.4"},"event_id":3,"library":"amplitude-ts/2.47.0","user_agent":"Mozilla/5.0 (Windows NT 10.0; Win64; x64) AppleWebKit/537.36 (KHTML, like Gecko) HeadlessChrome/148.0.0.0 Safari/537.36 Edg/148.0.0.0"} @ http://127.0.0.1:4321/assets/vendor/min/amplitude-2.47.0.min.js:0
[    3257ms] [LOG] Amplitude Logger [Log]: Timeline.apply: Event after enrichment plugin '@amplitude/plugin-event-property-attribution-browser', event: {"device_id":"b282c4d7-b612-49ef-aabe-db35a5e63402","session_id":1790703482107,"time":1790703482226,"platform":"Web","language":"en-US","ip":"$remote","insert_id":"17ba2caf-bf51-4321-aff7-038ec7813cee","event_type":"Viewed Home Page","event_properties":{"prompt_version":"BA400.4"},"event_id":3,"library":"amplitude-ts/2.47.0","user_agent":"Mozilla/5.0 (Windows NT 10.0; Win64; x64) AppleWebKit/537.36 (KHTML, like Gecko) HeadlessChrome/148.0.0.0 Safari/537.36 Edg/148.0.0.0"} @ http://127.0.0.1:4321/assets/vendor/min/amplitude-2.47.0.min.js:0
[    3257ms] [LOG] Amplitude Logger [Log]: Timeline.apply: Event after enrichment plugin '@amplitude/plugin-autocapture-browser', event: {"device_id":"b282c4d7-b612-49ef-aabe-db35a5e63402","session_id":1790703482107,"time":1790703482226,"platform":"Web","language":"en-US","ip":"$remote","insert_id":"17ba2caf-bf51-4321-aff7-038ec7813cee","event_type":"Viewed Home Page","event_properties":{"prompt_version":"BA400.4"},"event_id":3,"library":"amplitude-ts/2.47.0","user_agent":"Mozilla/5.0 (Windows NT 10.0; Win64; x64) AppleWebKit/537.36 (KHTML, like Gecko) HeadlessChrome/148.0.0.0 Safari/537.36 Edg/148.0.0.0"} @ http://127.0.0.1:4321/assets/vendor/min/amplitude-2.47.0.min.js:0
[    3257ms] [LOG] Amplitude Logger [Log]: Timeline.apply: Event after enrichment plugin '@amplitude/plugin-frustration-browser', event: {"device_id":"b282c4d7-b612-49ef-aabe-db35a5e63402","session_id":1790703482107,"time":1790703482226,"platform":"Web","language":"en-US","ip":"$remote","insert_id":"17ba2caf-bf51-4321-aff7-038ec7813cee","event_type":"Viewed Home Page","event_properties":{"prompt_version":"BA400.4"},"event_id":3,"library":"amplitude-ts/2.47.0","user_agent":"Mozilla/5.0 (Windows NT 10.0; Win64; x64) AppleWebKit/537.36 (KHTML, like Gecko) HeadlessChrome/148.0.0.0 Safari/537.36 Edg/148.0.0.0"} @ http://127.0.0.1:4321/assets/vendor/min/amplitude-2.47.0.min.js:0
[    3257ms] [LOG] Amplitude Logger [Log]: Timeline.apply: Event after enrichment plugin '@amplitude/plugin-network-capture-browser', event: {"device_id":"b282c4d7-b612-49ef-aabe-db35a5e63402","session_id":1790703482107,"time":1790703482226,"platform":"Web","language":"en-US","ip":"$remote","insert_id":"17ba2caf-bf51-4321-aff7-038ec7813cee","event_type":"Viewed Home Page","event_properties":{"prompt_version":"BA400.4"},"event_id":3,"library":"amplitude-ts/2.47.0","user_agent":"Mozilla/5.0 (Windows NT 10.0; Win64; x64) AppleWebKit/537.36 (KHTML, like Gecko) HeadlessChrome/148.0.0.0 Safari/537.36 Edg/148.0.0.0"} @ http://127.0.0.1:4321/assets/vendor/min/amplitude-2.47.0.min.js:0
[    3257ms] [LOG] Amplitude Logger [Log]: Timeline.apply: Event after enrichment plugin 'web-vitals-browser', event: {"device_id":"b282c4d7-b612-49ef-aabe-db35a5e63402","session_id":1790703482107,"time":1790703482226,"platform":"Web","language":"en-US","ip":"$remote","insert_id":"17ba2caf-bf51-4321-aff7-038ec7813cee","event_type":"Viewed Home Page","event_properties":{"prompt_version":"BA400.4"},"event_id":3,"library":"amplitude-ts/2.47.0","user_agent":"Mozilla/5.0 (Windows NT 10.0; Win64; x64) AppleWebKit/537.36 (KHTML, like Gecko) HeadlessChrome/148.0.0.0 Safari/537.36 Edg/148.0.0.0"} @ http://127.0.0.1:4321/assets/vendor/min/amplitude-2.47.0.min.js:0
[    3258ms] [LOG] Amplitude Logger [Log]: Timeline.apply: Event after enrichment plugin '@amplitude/plugin-page-url-enrichment-browser', event: {"device_id":"b282c4d7-b612-49ef-aabe-db35a5e63402","session_id":1790703482107,"time":1790703482226,"platform":"Web","language":"en-US","ip":"$remote","insert_id":"17ba2caf-bf51-4321-aff7-038ec7813cee","event_type":"Viewed Home Page","event_properties":{"prompt_version":"BA400.4","[Amplitude] Page Domain":"127.0.0.1","[Amplitude] Page Location":"http://127.0.0.1:4321/","[Amplitude] Page Path":"/","[Amplitude] Page Title":"Psychiatrist in Greater Noida | Mind Grace Clinic","[Amplitude] Page URL":"http://127.0.0.1:4321/","[Amplitude] Previous Page Location":"","[Amplitude] Previous Page Type":"direct"},"event_id":3,"library":"amplitude-ts/2.47.0","user_agent":"Mozilla/5.0 (Windows NT 10.0; Win64; x64) AppleWebKit/537.36 (KHTML, like Gecko) HeadlessChrome/148.0.0.0 Safari/537.36 Edg/148.0.0.0"} @ http://127.0.0.1:4321/assets/vendor/min/amplitude-2.47.0.min.js:0
[    3258ms] [LOG] Amplitude Logger [Log]: Timeline.apply: Final event before destinations, event: {"device_id":"b282c4d7-b612-49ef-aabe-db35a5e63402","session_id":1790703482107,"time":1790703482226,"platform":"Web","language":"en-US","ip":"$remote","insert_id":"17ba2caf-bf51-4321-aff7-038ec7813cee","event_type":"Viewed Home Page","event_properties":{"prompt_version":"BA400.4","[Amplitude] Page Domain":"127.0.0.1","[Amplitude] Page Location":"http://127.0.0.1:4321/","[Amplitude] Page Path":"/","[Amplitude] Page Title":"Psychiatrist in Greater Noida | Mind Grace Clinic","[Amplitude] Page URL":"http://127.0.0.1:4321/","[Amplitude] Previous Page Location":"","[Amplitude] Previous Page Type":"direct"},"event_id":3,"library":"amplitude-ts/2.47.0","user_agent":"Mozilla/5.0 (Windows NT 10.0; Win64; x64) AppleWebKit/537.36 (KHTML, like Gecko) HeadlessChrome/148.0.0.0 Safari/537.36 Edg/148.0.0.0"} @ http://127.0.0.1:4321/assets/vendor/min/amplitude-2.47.0.min.js:0
[    3338ms] [LOG] Amplitude Logger [Debug]: @amplitude/plugin-autocapture-browser: initial exposure snapshot — rescanning DOM @ http://127.0.0.1:4321/assets/vendor/min/amplitude-2.47.0.min.js:0
[    3542ms] [LOG] Amplitude Logger [Debug]: @amplitude/plugin-autocapture-browser: initial exposure snapshot — flushing viewport content updated @ http://127.0.0.1:4321/assets/vendor/min/amplitude-2.47.0.min.js:0
[    3544ms] [LOG] Amplitude Logger [Log]: Timeline.apply: Initial event [object Object] @ http://127.0.0.1:4321/assets/vendor/min/amplitude-2.47.0.min.js:0
[    3545ms] [LOG] Amplitude Logger [Log]: Timeline.apply: Event after before plugin '@amplitude/plugin-context-browser', event: {"device_id":"b282c4d7-b612-49ef-aabe-db35a5e63402","session_id":1790703482107,"time":1790703482516,"platform":"Web","language":"en-US","ip":"$remote","insert_id":"fc6f9c65-7440-4ed3-8968-7945c88603c1","event_type":"[Amplitude] Viewport Content Updated","event_properties":{"[Amplitude] Page URL":"http://127.0.0.1:4321/","[Amplitude] Max Page X":1280,"[Amplitude] Max Page Y":720,"[Amplitude] Viewport Height":720,"[Amplitude] Viewport Width":1280,"[Amplitude] Element Exposed":["html > body > aside > div > span:nth-child(2) > a","html > body > aside > div > a","html > body > header > div > a","html > body > header > div > nav > ul > li:nth-child(1) > a","html > body > header > div > nav > ul > li:nth-child(2) > a","html > body > header > div > nav > ul > li:nth-child(3) > a","html > body > header > div > nav > ul > li:nth-child(4) > a","html > body > header > div > nav > ul > li:nth-child(5) > a","html > body > header > div > nav > ul > li:nth-child(6) > a","html > body > header > div > nav > ul > li:nth-child(7) > a","html > body > header > div > nav > ul > li:nth-child(8) > a","a#mg-t-hindi-btn","button#mg-t-menu-btn","button#accessibility-toggle","button#theme-toggle"],"[Amplitude] Page View ID":"4fec3376-b8ff-48da-8ca8-b3793fb96c97"},"event_id":4,"library":"amplitude-ts/2.47.0","user_agent":"Mozilla/5.0 (Windows NT 10.0; Win64; x64) AppleWebKit/537.36 (KHTML, like Gecko) HeadlessChrome/148.0.0.0 Safari/537.36 Edg/148.0.0.0"} @ http://127.0.0.1:4321/assets/vendor/min/amplitude-2.47.0.min.js:0
[    3545ms] [LOG] Amplitude Logger [Log]: Timeline.apply: Event after before plugin 'identity', event: {"device_id":"b282c4d7-b612-49ef-aabe-db35a5e63402","session_id":1790703482107,"time":1790703482516,"platform":"Web","language":"en-US","ip":"$remote","insert_id":"fc6f9c65-7440-4ed3-8968-7945c88603c1","event_type":"[Amplitude] Viewport Content Updated","event_properties":{"[Amplitude] Page URL":"http://127.0.0.1:4321/","[Amplitude] Max Page X":1280,"[Amplitude] Max Page Y":720,"[Amplitude] Viewport Height":720,"[Amplitude] Viewport Width":1280,"[Amplitude] Element Exposed":["html > body > aside > div > span:nth-child(2) > a","html > body > aside > div > a","html > body > header > div > a","html > body > header > div > nav > ul > li:nth-child(1) > a","html > body > header > div > nav > ul > li:nth-child(2) > a","html > body > header > div > nav > ul > li:nth-child(3) > a","html > body > header > div > nav > ul > li:nth-child(4) > a","html > body > header > div > nav > ul > li:nth-child(5) > a","html > body > header > div > nav > ul > li:nth-child(6) > a","html > body > header > div > nav > ul > li:nth-child(7) > a","html > body > header > div > nav > ul > li:nth-child(8) > a","a#mg-t-hindi-btn","button#mg-t-menu-btn","button#accessibility-toggle","button#theme-toggle"],"[Amplitude] Page View ID":"4fec3376-b8ff-48da-8ca8-b3793fb96c97"},"event_id":4,"library":"amplitude-ts/2.47.0","user_agent":"Mozilla/5.0 (Windows NT 10.0; Win64; x64) AppleWebKit/537.36 (KHTML, like Gecko) HeadlessChrome/148.0.0.0 Safari/537.36 Edg/148.0.0.0"} @ http://127.0.0.1:4321/assets/vendor/min/amplitude-2.47.0.min.js:0
[    3546ms] [LOG] Amplitude Logger [Log]: Timeline.apply: Event after enrichment plugin '@amplitude/plugin-file-download-tracking-browser', event: {"device_id":"b282c4d7-b612-49ef-aabe-db35a5e63402","session_id":1790703482107,"time":1790703482516,"platform":"Web","language":"en-US","ip":"$remote","insert_id":"fc6f9c65-7440-4ed3-8968-7945c88603c1","event_type":"[Amplitude] Viewport Content Updated","event_properties":{"[Amplitude] Page URL":"http://127.0.0.1:4321/","[Amplitude] Max Page X":1280,"[Amplitude] Max Page Y":720,"[Amplitude] Viewport Height":720,"[Amplitude] Viewport Width":1280,"[Amplitude] Element Exposed":["html > body > aside > div > span:nth-child(2) > a","html > body > aside > div > a","html > body > header > div > a","html > body > header > div > nav > ul > li:nth-child(1) > a","html > body > header > div > nav > ul > li:nth-child(2) > a","html > body > header > div > nav > ul > li:nth-child(3) > a","html > body > header > div > nav > ul > li:nth-child(4) > a","html > body > header > div > nav > ul > li:nth-child(5) > a","html > body > header > div > nav > ul > li:nth-child(6) > a","html > body > header > div > nav > ul > li:nth-child(7) > a","html > body > header > div > nav > ul > li:nth-child(8) > a","a#mg-t-hindi-btn","button#mg-t-menu-btn","button#accessibility-toggle","button#theme-toggle"],"[Amplitude] Page View ID":"4fec3376-b8ff-48da-8ca8-b3793fb96c97"},"event_id":4,"library":"amplitude-ts/2.47.0","user_agent":"Mozilla/5.0 (Windows NT 10.0; Win64; x64) AppleWebKit/537.36 (KHTML, like Gecko) HeadlessChrome/148.0.0.0 Safari/537.36 Edg/148.0.0.0"} @ http://127.0.0.1:4321/assets/vendor/min/amplitude-2.47.0.min.js:0
[    3546ms] [LOG] Amplitude Logger [Log]: Timeline.apply: Event after enrichment plugin '@amplitude/plugin-form-interaction-tracking-browser', event: {"device_id":"b282c4d7-b612-49ef-aabe-db35a5e63402","session_id":1790703482107,"time":1790703482516,"platform":"Web","language":"en-US","ip":"$remote","insert_id":"fc6f9c65-7440-4ed3-8968-7945c88603c1","event_type":"[Amplitude] Viewport Content Updated","event_properties":{"[Amplitude] Page URL":"http://127.0.0.1:4321/","[Amplitude] Max Page X":1280,"[Amplitude] Max Page Y":720,"[Amplitude] Viewport Height":720,"[Amplitude] Viewport Width":1280,"[Amplitude] Element Exposed":["html > body > aside > div > span:nth-child(2) > a","html > body > aside > div > a","html > body > header > div > a","html > body > header > div > nav > ul > li:nth-child(1) > a","html > body > header > div > nav > ul > li:nth-child(2) > a","html > body > header > div > nav > ul > li:nth-child(3) > a","html > body > header > div > nav > ul > li:nth-child(4) > a","html > body > header > div > nav > ul > li:nth-child(5) > a","html > body > header > div > nav > ul > li:nth-child(6) > a","html > body > header > div > nav > ul > li:nth-child(7) > a","html > body > header > div > nav > ul > li:nth-child(8) > a","a#mg-t-hindi-btn","button#mg-t-menu-btn","button#accessibility-toggle","button#theme-toggle"],"[Amplitude] Page View ID":"4fec3376-b8ff-48da-8ca8-b3793fb96c97"},"event_id":4,"library":"amplitude-ts/2.47.0","user_agent":"Mozilla/5.0 (Windows NT 10.0; Win64; x64) AppleWebKit/537.36 (KHTML, like Gecko) HeadlessChrome/148.0.0.0 Safari/537.36 Edg/148.0.0.0"} @ http://127.0.0.1:4321/assets/vendor/min/amplitude-2.47.0.min.js:0
[    3547ms] [LOG] Amplitude Logger [Log]: Timeline.apply: Event after enrichment plugin '@amplitude/plugin-page-view-tracking-browser', event: {"device_id":"b282c4d7-b612-49ef-aabe-db35a5e63402","session_id":1790703482107,"time":1790703482516,"platform":"Web","language":"en-US","ip":"$remote","insert_id":"fc6f9c65-7440-4ed3-8968-7945c88603c1","event_type":"[Amplitude] Viewport Content Updated","event_properties":{"[Amplitude] Page URL":"http://127.0.0.1:4321/","[Amplitude] Max Page X":1280,"[Amplitude] Max Page Y":720,"[Amplitude] Viewport Height":720,"[Amplitude] Viewport Width":1280,"[Amplitude] Element Exposed":["html > body > aside > div > span:nth-child(2) > a","html > body > aside > div > a","html > body > header > div > a","html > body > header > div > nav > ul > li:nth-child(1) > a","html > body > header > div > nav > ul > li:nth-child(2) > a","html > body > header > div > nav > ul > li:nth-child(3) > a","html > body > header > div > nav > ul > li:nth-child(4) > a","html > body > header > div > nav > ul > li:nth-child(5) > a","html > body > header > div > nav > ul > li:nth-child(6) > a","html > body > header > div > nav > ul > li:nth-child(7) > a","html > body > header > div > nav > ul > li:nth-child(8) > a","a#mg-t-hindi-btn","button#mg-t-menu-btn","button#accessibility-toggle","button#theme-toggle"],"[Amplitude] Page View ID":"4fec3376-b8ff-48da-8ca8-b3793fb96c97"},"event_id":4,"library":"amplitude-ts/2.47.0","user_agent":"Mozilla/5.0 (Windows NT 10.0; Win64; x64) AppleWebKit/537.36 (KHTML, like Gecko) HeadlessChrome/148.0.0.0 Safari/537.36 Edg/148.0.0.0"} @ http://127.0.0.1:4321/assets/vendor/min/amplitude-2.47.0.min.js:0
[    3547ms] [LOG] Amplitude Logger [Log]: Timeline.apply: Event after enrichment plugin '@amplitude/plugin-event-property-attribution-browser', event: {"device_id":"b282c4d7-b612-49ef-aabe-db35a5e63402","session_id":1790703482107,"time":1790703482516,"platform":"Web","language":"en-US","ip":"$remote","insert_id":"fc6f9c65-7440-4ed3-8968-7945c88603c1","event_type":"[Amplitude] Viewport Content Updated","event_properties":{"[Amplitude] Page URL":"http://127.0.0.1:4321/","[Amplitude] Max Page X":1280,"[Amplitude] Max Page Y":720,"[Amplitude] Viewport Height":720,"[Amplitude] Viewport Width":1280,"[Amplitude] Element Exposed":["html > body > aside > div > span:nth-child(2) > a","html > body > aside > div > a","html > body > header > div > a","html > body > header > div > nav > ul > li:nth-child(1) > a","html > body > header > div > nav > ul > li:nth-child(2) > a","html > body > header > div > nav > ul > li:nth-child(3) > a","html > body > header > div > nav > ul > li:nth-child(4) > a","html > body > header > div > nav > ul > li:nth-child(5) > a","html > body > header > div > nav > ul > li:nth-child(6) > a","html > body > header > div > nav > ul > li:nth-child(7) > a","html > body > header > div > nav > ul > li:nth-child(8) > a","a#mg-t-hindi-btn","button#mg-t-menu-btn","button#accessibility-toggle","button#theme-toggle"],"[Amplitude] Page View ID":"4fec3376-b8ff-48da-8ca8-b3793fb96c97"},"event_id":4,"library":"amplitude-ts/2.47.0","user_agent":"Mozilla/5.0 (Windows NT 10.0; Win64; x64) AppleWebKit/537.36 (KHTML, like Gecko) HeadlessChrome/148.0.0.0 Safari/537.36 Edg/148.0.0.0"} @ http://127.0.0.1:4321/assets/vendor/min/amplitude-2.47.0.min.js:0
[    3548ms] [LOG] Amplitude Logger [Log]: Timeline.apply: Event after enrichment plugin '@amplitude/plugin-autocapture-browser', event: {"device_id":"b282c4d7-b612-49ef-aabe-db35a5e63402","session_id":1790703482107,"time":1790703482516,"platform":"Web","language":"en-US","ip":"$remote","insert_id":"fc6f9c65-7440-4ed3-8968-7945c88603c1","event_type":"[Amplitude] Viewport Content Updated","event_properties":{"[Amplitude] Page URL":"http://127.0.0.1:4321/","[Amplitude] Max Page X":1280,"[Amplitude] Max Page Y":720,"[Amplitude] Viewport Height":720,"[Amplitude] Viewport Width":1280,"[Amplitude] Element Exposed":["html > body > aside > div > span:nth-child(2) > a","html > body > aside > div > a","html > body > header > div > a","html > body > header > div > nav > ul > li:nth-child(1) > a","html > body > header > div > nav > ul > li:nth-child(2) > a","html > body > header > div > nav > ul > li:nth-child(3) > a","html > body > header > div > nav > ul > li:nth-child(4) > a","html > body > header > div > nav > ul > li:nth-child(5) > a","html > body > header > div > nav > ul > li:nth-child(6) > a","html > body > header > div > nav > ul > li:nth-child(7) > a","html > body > header > div > nav > ul > li:nth-child(8) > a","a#mg-t-hindi-btn","button#mg-t-menu-btn","button#accessibility-toggle","button#theme-toggle"],"[Amplitude] Page View ID":"4fec3376-b8ff-48da-8ca8-b3793fb96c97"},"event_id":4,"library":"amplitude-ts/2.47.0","user_agent":"Mozilla/5.0 (Windows NT 10.0; Win64; x64) AppleWebKit/537.36 (KHTML, like Gecko) HeadlessChrome/148.0.0.0 Safari/537.36 Edg/148.0.0.0"} @ http://127.0.0.1:4321/assets/vendor/min/amplitude-2.47.0.min.js:0
[    3548ms] [LOG] Amplitude Logger [Log]: Timeline.apply: Event after enrichment plugin '@amplitude/plugin-frustration-browser', event: {"device_id":"b282c4d7-b612-49ef-aabe-db35a5e63402","session_id":1790703482107,"time":1790703482516,"platform":"Web","language":"en-US","ip":"$remote","insert_id":"fc6f9c65-7440-4ed3-8968-7945c88603c1","event_type":"[Amplitude] Viewport Content Updated","event_properties":{"[Amplitude] Page URL":"http://127.0.0.1:4321/","[Amplitude] Max Page X":1280,"[Amplitude] Max Page Y":720,"[Amplitude] Viewport Height":720,"[Amplitude] Viewport Width":1280,"[Amplitude] Element Exposed":["html > body > aside > div > span:nth-child(2) > a","html > body > aside > div > a","html > body > header > div > a","html > body > header > div > nav > ul > li:nth-child(1) > a","html > body > header > div > nav > ul > li:nth-child(2) > a","html > body > header > div > nav > ul > li:nth-child(3) > a","html > body > header > div > nav > ul > li:nth-child(4) > a","html > body > header > div > nav > ul > li:nth-child(5) > a","html > body > header > div > nav > ul > li:nth-child(6) > a","html > body > header > div > nav > ul > li:nth-child(7) > a","html > body > header > div > nav > ul > li:nth-child(8) > a","a#mg-t-hindi-btn","button#mg-t-menu-btn","button#accessibility-toggle","button#theme-toggle"],"[Amplitude] Page View ID":"4fec3376-b8ff-48da-8ca8-b3793fb96c97"},"event_id":4,"library":"amplitude-ts/2.47.0","user_agent":"Mozilla/5.0 (Windows NT 10.0; Win64; x64) AppleWebKit/537.36 (KHTML, like Gecko) HeadlessChrome/148.0.0.0 Safari/537.36 Edg/148.0.0.0"} @ http://127.0.0.1:4321/assets/vendor/min/amplitude-2.47.0.min.js:0
[    3548ms] [LOG] Amplitude Logger [Log]: Timeline.apply: Event after enrichment plugin '@amplitude/plugin-network-capture-browser', event: {"device_id":"b282c4d7-b612-49ef-aabe-db35a5e63402","session_id":1790703482107,"time":1790703482516,"platform":"Web","language":"en-US","ip":"$remote","insert_id":"fc6f9c65-7440-4ed3-8968-7945c88603c1","event_type":"[Amplitude] Viewport Content Updated","event_properties":{"[Amplitude] Page URL":"http://127.0.0.1:4321/","[Amplitude] Max Page X":1280,"[Amplitude] Max Page Y":720,"[Amplitude] Viewport Height":720,"[Amplitude] Viewport Width":1280,"[Amplitude] Element Exposed":["html > body > aside > div > span:nth-child(2) > a","html > body > aside > div > a","html > body > header > div > a","html > body > header > div > nav > ul > li:nth-child(1) > a","html > body > header > div > nav > ul > li:nth-child(2) > a","html > body > header > div > nav > ul > li:nth-child(3) > a","html > body > header > div > nav > ul > li:nth-child(4) > a","html > body > header > div > nav > ul > li:nth-child(5) > a","html > body > header > div > nav > ul > li:nth-child(6) > a","html > body > header > div > nav > ul > li:nth-child(7) > a","html > body > header > div > nav > ul > li:nth-child(8) > a","a#mg-t-hindi-btn","button#mg-t-menu-btn","button#accessibility-toggle","button#theme-toggle"],"[Amplitude] Page View ID":"4fec3376-b8ff-48da-8ca8-b3793fb96c97"},"event_id":4,"library":"amplitude-ts/2.47.0","user_agent":"Mozilla/5.0 (Windows NT 10.0; Win64; x64) AppleWebKit/537.36 (KHTML, like Gecko) HeadlessChrome/148.0.0.0 Safari/537.36 Edg/148.0.0.0"} @ http://127.0.0.1:4321/assets/vendor/min/amplitude-2.47.0.min.js:0
[    3549ms] [LOG] Amplitude Logger [Log]: Timeline.apply: Event after enrichment plugin 'web-vitals-browser', event: {"device_id":"b282c4d7-b612-49ef-aabe-db35a5e63402","session_id":1790703482107,"time":1790703482516,"platform":"Web","language":"en-US","ip":"$remote","insert_id":"fc6f9c65-7440-4ed3-8968-7945c88603c1","event_type":"[Amplitude] Viewport Content Updated","event_properties":{"[Amplitude] Page URL":"http://127.0.0.1:4321/","[Amplitude] Max Page X":1280,"[Amplitude] Max Page Y":720,"[Amplitude] Viewport Height":720,"[Amplitude] Viewport Width":1280,"[Amplitude] Element Exposed":["html > body > aside > div > span:nth-child(2) > a","html > body > aside > div > a","html > body > header > div > a","html > body > header > div > nav > ul > li:nth-child(1) > a","html > body > header > div > nav > ul > li:nth-child(2) > a","html > body > header > div > nav > ul > li:nth-child(3) > a","html > body > header > div > nav > ul > li:nth-child(4) > a","html > body > header > div > nav > ul > li:nth-child(5) > a","html > body > header > div > nav > ul > li:nth-child(6) > a","html > body > header > div > nav > ul > li:nth-child(7) > a","html > body > header > div > nav > ul > li:nth-child(8) > a","a#mg-t-hindi-btn","button#mg-t-menu-btn","button#accessibility-toggle","button#theme-toggle"],"[Amplitude] Page View ID":"4fec3376-b8ff-48da-8ca8-b3793fb96c97"},"event_id":4,"library":"amplitude-ts/2.47.0","user_agent":"Mozilla/5.0 (Windows NT 10.0; Win64; x64) AppleWebKit/537.36 (KHTML, like Gecko) HeadlessChrome/148.0.0.0 Safari/537.36 Edg/148.0.0.0"} @ http://127.0.0.1:4321/assets/vendor/min/amplitude-2.47.0.min.js:0
[    3549ms] [LOG] Amplitude Logger [Log]: Timeline.apply: Event after enrichment plugin '@amplitude/plugin-page-url-enrichment-browser', event: {"device_id":"b282c4d7-b612-49ef-aabe-db35a5e63402","session_id":1790703482107,"time":1790703482516,"platform":"Web","language":"en-US","ip":"$remote","insert_id":"fc6f9c65-7440-4ed3-8968-7945c88603c1","event_type":"[Amplitude] Viewport Content Updated","event_properties":{"[Amplitude] Page URL":"http://127.0.0.1:4321/","[Amplitude] Max Page X":1280,"[Amplitude] Max Page Y":720,"[Amplitude] Viewport Height":720,"[Amplitude] Viewport Width":1280,"[Amplitude] Element Exposed":["html > body > aside > div > span:nth-child(2) > a","html > body > aside > div > a","html > body > header > div > a","html > body > header > div > nav > ul > li:nth-child(1) > a","html > body > header > div > nav > ul > li:nth-child(2) > a","html > body > header > div > nav > ul > li:nth-child(3) > a","html > body > header > div > nav > ul > li:nth-child(4) > a","html > body > header > div > nav > ul > li:nth-child(5) > a","html > body > header > div > nav > ul > li:nth-child(6) > a","html > body > header > div > nav > ul > li:nth-child(7) > a","html > body > header > div > nav > ul > li:nth-child(8) > a","a#mg-t-hindi-btn","button#mg-t-menu-btn","button#accessibility-toggle","button#theme-toggle"],"[Amplitude] Page View ID":"4fec3376-b8ff-48da-8ca8-b3793fb96c97","[Amplitude] Page Domain":"127.0.0.1","[Amplitude] Page Location":"http://127.0.0.1:4321/","[Amplitude] Page Path":"/","[Amplitude] Page Title":"Psychiatrist in Greater Noida | Mind Grace Clinic","[Amplitude] Previous Page Location":"","[Amplitude] Previous Page Type":"direct"},"event_id":4,"library":"amplitude-ts/2.47.0","user_agent":"Mozilla/5.0 (Windows NT 10.0; Win64; x64) AppleWebKit/537.36 (KHTML, like Gecko) HeadlessChrome/148.0.0.0 Safari/537.36 Edg/148.0.0.0"} @ http://127.0.0.1:4321/assets/vendor/min/amplitude-2.47.0.min.js:0
[    3550ms] [LOG] Amplitude Logger [Log]: Timeline.apply: Final event before destinations, event: {"device_id":"b282c4d7-b612-49ef-aabe-db35a5e63402","session_id":1790703482107,"time":1790703482516,"platform":"Web","language":"en-US","ip":"$remote","insert_id":"fc6f9c65-7440-4ed3-8968-7945c88603c1","event_type":"[Amplitude] Viewport Content Updated","event_properties":{"[Amplitude] Page URL":"http://127.0.0.1:4321/","[Amplitude] Max Page X":1280,"[Amplitude] Max Page Y":720,"[Amplitude] Viewport Height":720,"[Amplitude] Viewport Width":1280,"[Amplitude] Element Exposed":["html > body > aside > div > span:nth-child(2) > a","html > body > aside > div > a","html > body > header > div > a","html > body > header > div > nav > ul > li:nth-child(1) > a","html > body > header > div > nav > ul > li:nth-child(2) > a","html > body > header > div > nav > ul > li:nth-child(3) > a","html > body > header > div > nav > ul > li:nth-child(4) > a","html > body > header > div > nav > ul > li:nth-child(5) > a","html > body > header > div > nav > ul > li:nth-child(6) > a","html > body > header > div > nav > ul > li:nth-child(7) > a","html > body > header > div > nav > ul > li:nth-child(8) > a","a#mg-t-hindi-btn","button#mg-t-menu-btn","button#accessibility-toggle","button#theme-toggle"],"[Amplitude] Page View ID":"4fec3376-b8ff-48da-8ca8-b3793fb96c97","[Amplitude] Page Domain":"127.0.0.1","[Amplitude] Page Location":"http://127.0.0.1:4321/","[Amplitude] Page Path":"/","[Amplitude] Page Title":"Psychiatrist in Greater Noida | Mind Grace Clinic","[Amplitude] Previous Page Location":"","[Amplitude] Previous Page Type":"direct"},"event_id":4,"library":"amplitude-ts/2.47.0","user_agent":"Mozilla/5.0 (Windows NT 10.0; Win64; x64) AppleWebKit/537.36 (KHTML, like Gecko) HeadlessChrome/148.0.0.0 Safari/537.36 Edg/148.0.0.0"} @ http://127.0.0.1:4321/assets/vendor/min/amplitude-2.47.0.min.js:0
[    5608ms] [LOG] Amplitude Logger [Log]: Event tracked successfully @ http://127.0.0.1:4321/assets/vendor/min/amplitude-2.47.0.min.js:0
[    5609ms] [LOG] Amplitude Logger [Log]: Event tracked successfully @ http://127.0.0.1:4321/assets/vendor/min/amplitude-2.47.0.min.js:0
[    5609ms] [LOG] Amplitude Logger [Log]: Event tracked successfully @ http://127.0.0.1:4321/assets/vendor/min/amplitude-2.47.0.min.js:0
[    5609ms] [LOG] Amplitude Logger [Log]: Event tracked successfully @ http://127.0.0.1:4321/assets/vendor/min/amplitude-2.47.0.min.js:0
[    5609ms] [LOG] Amplitude Logger [Log]: Event tracked successfully @ http://127.0.0.1:4321/assets/vendor/min/amplitude-2.47.0.min.js:0
[    7214ms] [WARNING] Zaraz not available after waiting. Tracking events will be queued. @ http://127.0.0.1:4321/assets/js/min/zaraz-tracking.min.js:0
[    7214ms] [WARNING] Zaraz not available after waiting. Tracking events will be queued. @ http://127.0.0.1:4321/assets/js/min/zaraz-tracking.min.js:0
[    7215ms] [WARNING] Zaraz not available after waiting. Tracking events will be queued. @ http://127.0.0.1:4321/assets/js/min/zaraz-tracking.min.js:0
[    7215ms] [WARNING] Zaraz not available after waiting. Tracking events will be queued. @ http://127.0.0.1:4321/assets/js/min/zaraz-tracking.min.js:0
[    7215ms] [WARNING] Zaraz not available after waiting. Tracking events will be queued. @ http://127.0.0.1:4321/assets/js/min/zaraz-tracking.min.js:0
[    7216ms] [WARNING] Zaraz not available after waiting. Tracking events will be queued. @ http://127.0.0.1:4321/assets/js/min/zaraz-tracking.min.js:0
[    7216ms] [WARNING] Zaraz not available after waiting. Tracking events will be queued. @ http://127.0.0.1:4321/assets/js/min/zaraz-tracking.min.js:0
[    7216ms] [WARNING] Zaraz not available after waiting. Tracking events will be queued. @ http://127.0.0.1:4321/assets/js/min/zaraz-tracking.min.js:0
